,bccto,bccte,bcctn,inflp,infle,cipsto,cipste,cipstn,cbito,cbite,lbbba,brc,rs,pmiemp,memp,mbrick,gfk,cpi,ntnw,hali,right,iop,ios,pmicco,pmiccno,gold,gbpusd,copper,oil,gspc,m_gdp
2004-03-31,26.646657427322,54.0003610426885,21.277541626725004,2.395809751244811,2.3814617275428294,58.64892890274993,74.29819862742767,59.55073507561505,16.0,30.0,56.0,6.001741187569873,0.8823072728717777,51.711582871060955,0.07371309556821377,-5.695304249761648,-1.6666666666666667,1.2725757320812454,1.5827878999999998,1.3520568032511966,1.021106553463665,0.691266666666678,0.07319999999999993,58.54173285472469,59.74156164703849,16.176394449618613,0.08553022999066329,0.2962896334289685,3.9659029711789664,76.86095300448005,0.22404960898774473
2004-06-30,31.4701770779091,50.8578649425198,22.860702724274535,2.34952328149138,2.410761544534389,57.45925098758337,72.74102950128234,57.74596653259422,23.333333333333332,25.333333333333332,61.0,5.570485444524817,0.47157430878361034,51.961088825584135,0.016435820648271388,-2.8047763228899782,-2.6666666666666665,1.3947115621398758,1.5094043333333333,1.704409478689935,1.3471884952020785,-0.6571666666666687,0.800066666666666,57.395889211792316,57.923233339277466,-15.411886491262976,-0.03158898159793,0.0030650582006834792,3.1682574987853656,-10.411612829360138,0.23729846607380722
2004-09-30,25.740633206048,40.1553186664294,20.09741665741189,2.314192791282481,2.285119381926275,55.73678773221667,70.56966752894186,55.521669045446856,21.333333333333332,23.333333333333332,54.0,4.746391223188667,0.2964852248128258,52.508105403716826,0.14258311593687104,-5.871291372814682,-5.0,1.2603542160416554,0.8053727333333334,0.47894346399480386,0.3129066924504283,-2.1170999999999935,0.6811666666666696,55.72354762464644,55.912872854718415,8.854589346132968,0.011176480961393676,0.052187337168369874,5.560894778418131,-18.726458845923162,0.15642258628022665
2004-12-31,25.0011843542652,54.0003610426885,19.367885610025873,2.3342871572486166,2.262422978097792,55.74987601318586,69.93638436112712,55.75984952514668,22.333333333333332,12.666666666666666,60.666666666666664,3.54898753948402,-0.3375004800860319,52.08916938574794,0.1812232203881011,4.923136903759001,-4.333333333333333,1.446014577205627,0.1450793933333333,0.4125041243404774,0.050255940736262016,-0.40109999999999957,0.747399999999999,55.80410595438942,56.00976461385823,31.972157421910026,0.04670182274107315,0.11997376304512342,4.3988745795356365,57.925804237263264,-0.0638503016949832
2005-03-31,21.0315128445682,52.539280969968,16.480066074435697,2.2770950668732026,2.2214866282118506,55.28406250532267,70.90489705430637,55.35252358676857,10.333333333333334,20.333333333333332,54.666666666666664,4.254583589711014,-0.21139664015859352,50.8398297683327,0.0057453292260589706,-0.488396846640029,0.6666666666666666,1.728318133335871,0.10600770999999999,0.19744065559620014,0.11671157284746103,-0.30979999999999563,0.6664999999999992,55.23604021743373,55.48084186800148,-6.445776081642691,0.0241159119105101,0.06091928095646315,1.5695681831618629,29.905767375870028,0.1366285757398008
2005-06-30,13.4984679379751,47.077839854559,10.734172434495175,2.026806347658321,1.9626942742874505,53.97589340947184,67.29122188093073,53.60587357472273,-0.6666666666666666,7.666666666666667,53.0,1.30946937572888,0.3430227566962503,50.763083347925715,0.10394721360031574,-25.019590892961617,-1.3333333333333333,1.9573446439433928,0.3361963333333333,0.08743257231641859,-0.03309728560242734,1.2741999999999791,0.6724000000000103,54.01917017532156,53.964300281891134,0.09942704967966165,-0.03350637791648681,0.06519836966835668,3.324637805272097,-10.325356684129929,0.590571676679258
2005-09-30,10.9328774688438,41.8367346938776,9.610863196207816,2.3535118830665134,2.1501517036281346,54.55319188838833,68.83508216640728,54.8078244225849,1.0,9.333333333333334,45.666666666666664,2.236817654523407,-0.2113377750884197,50.67007395692064,0.10008576678725012,-8.502646545320715,-3.3333333333333335,2.4040885800700997,0.026262200000000013,0.6296338075264011,0.13087547583228165,-0.9143666666666519,1.1565333333333285,54.74029542948995,55.1455351107368,11.917051265024384,-0.07163006281178363,0.16965673812450355,10.021247409423509,42.48842425124667,0.34718356796815986
2005-12-31,16.444900661634,46.0574316912937,8.723648548544372,2.2627184975899937,2.1926817737023234,55.9301417158837,68.99972339599496,56.14065849788799,0.0,10.0,49.0,4.816537626262767,0.17195055738859302,50.716147975836186,0.022322796494259983,7.03660151332835,-8.333333333333334,2.1350204231017633,0.55428066,0.5756396877967918,0.9080304636947237,1.6256000000000057,0.7863999999999862,55.6923879042489,56.14201623775987,45.334140591723326,-0.03611907591984975,0.3265823626699267,-3.171214807798677,6.327664140339948,0.6450833973954205
2006-03-31,21.8956273729871,49.2577205254445,18.365616946062755,2.7859644338734153,2.7259692832515725,56.7822645740952,70.0821503389373,56.299870796194064,5.0,16.333333333333332,47.333333333333336,3.0927432893824167,0.801722796492251,50.85334900008191,0.2334608817076219,-4.984098259612665,-4.666666666666667,1.930589659207797,0.8300347233333332,0.555198160698526,0.72343328623277,1.672300000000007,0.25396666666667045,56.34346538731493,56.110380466525584,53.54176472191426,0.004943711004216755,0.17301355091949677,2.284949587261906,42.01164107167665,-0.08958390566523915
2006-06-30,24.2528343606177,52.9799528794232,18.372933982650228,2.698584872646614,2.545807159214741,58.46075233466593,70.4540327545207,57.559449821369306,13.333333333333334,17.333333333333332,53.0,6.91775611766534,0.12567364846467108,52.56479092539302,0.17565431239400242,-9.858652329917646,-4.333333333333333,2.254398139474693,0.2528533866666667,0.39530002258938063,0.9449632605521711,1.7365666666666613,0.039699999999996294,57.852667659502515,57.160090412592524,76.0237196619114,0.04079900684720972,0.8151366803879903,5.72514664733982,22.824663694133278,0.10543289855655578
2006-09-30,23.8503630350889,56.180241713574,21.156616208798827,2.7627934920588775,2.544512438321197,56.56164758005696,68.51501686241113,56.66789531505904,5.0,20.0,63.666666666666664,4.813854100240866,-0.12371125588395519,52.62251069814667,-0.10535348771829971,6.572649902825333,-6.333333333333333,2.4199439202716797,1.0100880333333333,1.2947406744757028,0.6936524800617239,0.334866666666656,0.13100000000001444,56.28009630217101,56.46882186377141,5.391352141980292,0.06632214847745366,0.49968986777903623,4.809983825577817,-28.453808484129922,0.08102591947562783
2006-12-31,31.9407214226637,56.180241713574,28.25202489662242,2.915402592098662,2.7379541100487614,58.29231276807923,72.27123390894133,58.43363012138824,18.666666666666668,18.666666666666668,52.0,3.215242750692813,0.700076509664956,53.68834225519555,0.06919962940855988,0.3341308874126412,-6.666666666666667,2.7015968492080025,1.2696970666666667,0.8175967339830059,1.3365781988307142,-0.4038666666666728,0.5494666666666603,58.140041041491315,58.158656489969154,-16.279271166665694,0.031156430288423076,-0.1752004031817136,-11.962402739454241,89.73425952449998,0.09508971033299013
2007-03-31,25.9635651772436,55.461441115409,25.742434165086276,2.9482585091511977,2.7389096400603563,57.595028253341496,71.58328161825077,57.10916560589525,17.0,26.666666666666668,59.333333333333336,4.509887004008671,0.32660822999660183,53.60202769413079,0.09564181895607149,3.5837697280103384,-7.666666666666667,2.8590839959510728,0.4414180366666667,0.9572915084652337,0.551036208511139,-0.8359999999999985,1.237633333333335,57.63723348355608,57.17302988763593,37.791367530895286,0.06920388028922675,-0.6091230730926362,-2.161490241941827,71.87357091190324,0.5024402702027647
2007-06-30,33.1111487896108,56.4240565446921,24.203339905944745,3.121442377891877,2.714140870828067,57.21516583451347,70.0737206656761,56.98363745248122,21.0,19.0,57.0,2.92661320686115,-0.1191336087756271,52.79057699902921,0.05454954153000976,-3.839964034484666,-3.6666666666666665,2.561842586902648,0.7971696333333332,0.6923352499984844,0.46753971541349343,-1.2542333333333318,1.1487666666666598,57.42384802637137,57.36313607621715,25.54428280441971,0.012195133494643517,0.5720852590335128,4.053529027647791,32.11779833828359,0.12377492253548499
2007-09-30,29.7072533843826,57.6413217862945,24.58135363631612,2.778072302088608,2.744742623125709,57.23404423432766,70.17612329717903,57.246419049607624,20.0,19.0,54.666666666666664,3.3580036716347164,0.3221123222341138,52.62828479514158,0.16727782323163373,-1.7386189472746594,-5.666666666666667,1.7946238149948741,0.35447335333333335,0.024979480808862142,0.608100085915475,-0.47256666666666547,0.9055000000000035,57.74255234407185,58.167647171318244,-5.166758457774677,0.0377014088947798,0.15261316995817387,8.577110898990647,36.02736667216982,0.35713850723359286
2007-12-31,26.8178518365114,49.1186561810896,19.15058222590327,3.202263643199177,3.017889717757441,53.4910465693167,66.93528237590067,53.585231739175754,18.333333333333332,11.0,51.333333333333336,1.066100394600177,-0.0792155268718268,52.292811577717465,0.1750273074388168,-0.4943236065833503,-10.666666666666666,2.089736944255982,-0.008486699999999977,-0.16236251782720812,-0.1993844696777288,0.12916666666666288,0.4942666666666611,53.73348278314027,54.19754194940484,97.11728464501834,0.033974635371196715,-0.06571859567096672,15.292436631115251,3.449672455526752,0.27843782436030834
2008-03-31,16.3751415567098,40.4569262315297,12.923570006493632,3.9470073749939427,3.340709800659897,52.954222222055705,63.757909038898866,52.435948542530106,7.666666666666667,-1.3333333333333333,45.666666666666664,1.1215426102423303,-0.11216936647061582,51.51175564267493,0.031156695090739372,-14.297699951834971,-16.333333333333332,2.3778474231790656,-0.7454175666666667,-0.7527222429942748,-0.2758991475615609,-0.48503333333331966,0.6399333333333459,52.774744929714984,52.43397295723155,115.8094285410516,-0.06078221903183656,-0.12043377970692681,6.701513372488307,-95.76681352837022,-0.10111929011964632
2008-06-30,0.0986200286084572,20.4316421416967,-4.311723353710373,4.928340843365391,4.3037854758699545,48.57327620376637,59.9032500767076,47.30561999957362,-0.3333333333333333,-2.6666666666666665,32.666666666666664,-0.4944184913797467,-0.4947414438691067,48.140932552316826,-0.08755337815105808,-23.692081983335356,-29.0,3.377317768217843,-1.7813996666666665,-1.7648052787534525,-1.0091141576145917,-0.6569666666666762,-0.1695666666666682,48.00687836677347,47.192732117422885,45.45708962532717,-0.0011997628480902023,0.570570457876153,21.106918300831865,-40.74337006715996,-0.06477156399655265
2008-09-30,-5.8191282837448,8.88206590428745,-11.479926892614028,5.41784434652525,4.442428268205903,46.5449478802445,54.91527691190283,43.89694331407219,-16.333333333333332,-18.0,18.0,-3.1387678344990833,0.16299942860530012,45.78962425292381,-0.11445855814253096,-31.23814719610735,-35.666666666666664,4.786170608621476,-1.8734966666666668,-1.671658418303812,-0.5118327975926928,-0.33243333333334135,-1.3742333333333363,45.75522749657185,43.66665194351896,-31.71266979311099,-0.03551658957895332,-0.213048778072233,13.61568452854334,-70.19333568314323,-0.6188266791090941
2008-12-31,-29.0183961081307,-25.2320753929229,-35.03274268458531,4.900782640072665,2.7704503058617904,39.70395640181963,47.14492327384056,37.45829599379454,-33.0,-46.0,3.6666666666666665,-3.7244242446227163,-0.2024055653168766,41.445346464857145,-0.10947302468750826,-4.630153465576967,-34.666666666666664,3.853356110878181,-1.3207003000000002,-1.7631004626321352,-0.8539716198318392,-3.3685999999999865,-1.367366666666669,38.93612729728695,37.00093538454477,-93.27256796764595,-0.27516548740077673,-1.290658271944383,-48.753193087231,-270.3951463115951,-0.5692705976220395
2009-03-31,-27.9148957739341,-17.7532968273739,-30.844757375071197,4.234035530900712,2.1498283472290347,41.83167351177843,53.13910889208197,40.63628436995763,-53.666666666666664,-45.0,-4.0,-1.0991971431122367,0.21570363560727465,38.26800324347107,-0.23316691603234205,-20.527521709531314,-34.0,3.005741951019251,-0.6542703333333334,-0.6124979241574328,-0.42120959157303145,-3.885300000000001,-0.8346333333333291,40.76288074732481,39.96392278057295,80.21621455391744,-0.21311196105282315,-0.8802357968017869,-38.23486061769891,-173.49985695844225,-0.6306071985118689
2009-06-30,-19.2672239053777,6.04117736921911,-24.758632698782126,4.025708327601063,2.3709978341584157,50.096462369119536,64.61775656299174,49.35812913240025,-42.0,-22.666666666666668,18.333333333333332,1.9444575493800447,0.3250519545050919,41.6524364932378,-0.24751618687447094,18.487825021138633,-26.333333333333332,2.0897992374043626,0.6217379999999999,0.44135478755390106,0.30390771449753107,0.07836666666666758,-0.2919333333333327,49.388085750267955,49.05216461607554,40.39359481138251,0.02033573637621,0.49879936093375665,11.333216343475037,-13.559157046502719,0.03033831810894515
2009-09-30,-1.93816414917655,23.7132025862202,-8.486170431030766,3.7720569076963164,2.415492173892116,54.28645996963667,69.04836974607359,53.255015586326124,-16.0,-9.333333333333334,30.333333333333332,3.2686562311466303,0.08065900215943334,44.785905616215864,-0.03239345562796222,7.8772434171490175,-22.0,1.491041176542714,1.3740984666666665,0.9942306527100339,0.6666179848200393,-0.5144999999999982,0.11416666666667652,53.58712134507052,52.91064072385134,27.9607367269233,0.1636373722625799,0.5367606399379266,15.967789136107669,121.32463574429948,0.22233728781697262
2009-12-31,0.742044868250819,31.3545243725147,-4.637776383193356,3.196564398189345,2.3943598620026245,57.080992009306065,69.79597844049097,56.678495689304945,-13.333333333333334,-2.3333333333333335,37.666666666666664,3.9375055672376136,-0.44114158457932245,47.080517097508825,0.04078863774736504,1.7742947432799951,-16.333333333333332,2.1044606018694476,0.6084518666666666,0.7899691501565073,0.6413226119304912,-0.5078333333333376,0.5657999999999817,56.07288629088723,56.00410526504504,112.57135323308307,-0.0056676604276733045,0.41637560760476333,6.103174178768924,109.54129861498404,0.208226503346483
2010-03-31,6.33916790808655,34.914213505748,3.248817436006588,3.331735798249702,2.4989902582873404,56.945741507454805,70.9649924085973,56.3459127895587,1.6666666666666667,6.666666666666667,46.333333333333336,1.8733711421433432,-0.013457178641814357,49.25935415031409,-0.014788666700279082,-3.6355305475183854,-15.333333333333334,3.275049736518998,0.29194216666666667,0.33672820484755467,0.0848168298843895,0.45829999999999416,0.7615333333333325,56.27590495922198,55.71655850535166,58.241559047410874,-0.03704511390754672,0.3053051757298233,2.007238125114796,40.94475878731646,0.5107338087693231
2010-06-30,16.1511812773822,31.4357959828875,8.922559552813016,3.604628353539653,3.2567007885721004,56.07660559505567,66.98858571927279,54.76421135534121,5.333333333333333,15.333333333333334,36.0,-0.25690179199289603,0.12229697404384139,51.152936715032524,0.19621613382617328,19.276176877571686,-17.666666666666668,3.4573769964596415,0.5169905333333333,-0.15133487672109128,0.27974088820356496,-1.3576333333333253,1.117033333333353,56.302378288841886,55.21989480025843,41.923613975746775,-0.09855021598221003,0.1252696981222705,3.5080975201294393,50.435861999156714,0.007585830712396861
2010-09-30,7.92760980535564,21.7771367464529,1.0084726708919347,3.589512283299189,3.4187406498619777,53.3402040788278,63.353131090686794,52.1094914133295,4.333333333333333,3.6666666666666665,27.666666666666668,-0.22537135661876465,-0.20113758428740303,49.665275227794716,0.1732847547708268,-5.3594936399919675,-20.0,3.085219636350659,-0.39417269,-0.4491875269785006,-0.10894766413256003,-2.0331999999999937,0.782999999999987,53.33920165064625,52.15791075012303,58.03093653608994,0.022934239641683396,-0.23307673565693054,-3.842839449042401,-74.66012627311989,0.20237919187580777
2010-12-31,11.1695488807911,30.35759508564,1.2581052830894657,3.9062654416515987,3.869198712421682,53.498337344668364,64.51215302844896,52.737195147529256,0.0,-4.333333333333333,27.333333333333332,-1.1748846536826008,-0.6904103288905117,50.719744770345585,0.13220224430220048,-26.31728391459987,-20.333333333333332,3.3754498157658595,-0.36841283333333336,-0.18739551831744214,-0.19526658429801133,-0.462600000000009,0.2495666666666665,53.23320336230245,52.597525672802156,114.19537970032684,0.05424276514658666,0.6040061450795835,4.461291441153676,80.70259083228984,-0.23800231310936823
2011-03-31,8.28680619236533,29.9512370337764,8.040996721588764,4.4388939013840165,4.0101357391900345,55.74717140524143,67.71789093320427,55.08715624386324,2.3333333333333335,9.666666666666666,28.333333333333332,-2.673102477019835,0.630081300813005,51.28266100990687,-0.02288161647684787,24.68257453409319,-28.333333333333332,4.118378826189868,0.31097350333333335,0.1695713198618017,0.2968357687550438,-2.053200000000004,0.37263333333334003,55.72367498437429,55.06564319196241,47.66565395171301,0.003931181355953495,0.6241644923631062,8.90558163172166,117.56918814267692,0.283477152841418
2011-06-30,13.0066314597513,31.79519628197,10.372512346658361,4.536005220940203,3.9406672385487047,53.82998685249657,64.84831712675407,54.21429515202567,0.6666666666666666,3.6666666666666665,43.333333333333336,-1.6665988569085333,-0.3178668217008629,50.850357743364555,-0.09351686819533873,-2.9369122874049935,-25.666666666666668,4.3773485483333445,0.07372560000000002,-0.4203979024435996,-0.059601502700009266,-1.190266666666659,0.11626666666666097,53.811547428620635,54.270403663794575,95.35228805064685,0.04617303579781673,-0.10872343463334921,15.273877376336117,43.013383717059924,0.05337125258239963
2011-09-30,1.74488535409163,26.2524835561882,-2.411760224892324,4.843876840837047,4.153510948818852,52.815038844718835,62.307948457408536,53.16635655929332,-8.666666666666666,-4.333333333333333,36.666666666666664,-2.6398498676468067,0.12381349659128886,49.68830182361594,-0.08267809252491636,-2.707686039518336,-30.333333333333332,4.70540750300735,-0.07988803333333332,0.028067644819333253,0.02834175727195835,0.22209999999999752,0.3920666666666648,52.74002326091708,53.03297111550753,149.3716961890866,-0.004300675210630045,-0.03017945857424742,-11.468821856532202,-58.84106431374016,0.05644296436485859
2011-12-31,2.88839003625609,18.2860753284028,-8.51344724060034,5.063802055693063,4.106290435703653,51.69338752476377,62.93873631917893,51.87691962076904,-8.333333333333334,-18.0,28.333333333333332,-1.9703424926708104,0.24811900389188532,49.24791675193339,0.04714072818626051,-0.8631958535336821,-32.0,4.647724999887097,0.005964210000000007,0.2109547271112159,0.18629155918482576,0.4435666666666549,0.08030000000000825,51.83763712683582,52.18097907627554,103.69290265366317,-0.04628480687495329,-0.6884679642261529,-3.5896849691796717,-63.42292728185976,0.29097212262552413
2012-03-31,11.6935168732503,31.1341884177871,8.030292219387244,4.80718214110162,3.4762042846832517,54.72720364678844,67.44639365940377,53.027617868477954,-6.0,-2.3333333333333335,38.0,-0.5663726762524887,0.5749573352198353,51.33465680156174,0.24855178110543275,2.2244687068360065,-29.666666666666668,3.4904736485360814,-0.2857786,-0.11344569778390934,0.2950386124338733,0.20836666666667725,1.182299999999998,54.66791079380807,53.55915184566211,-42.89792809864639,-0.015011237555253354,0.14099959551341668,10.651920215666891,96.29278215680984,0.16735577550340344
2012-06-30,12.1691355725977,32.6765401008804,7.78527620753274,4.7090293596557835,3.7233568001993644,52.12354398932097,64.7977243832603,51.804345808030355,-1.6666666666666667,7.666666666666667,38.0,-0.1738828452950568,-0.5076798486113568,51.320954343236274,0.35029933208916564,-11.143051223249003,-29.666666666666668,2.75546023964622,-0.11817283333333332,-0.013344808315614761,0.06874427814622663,0.2278999999999911,-0.08343333333334613,52.191071766823,51.976198746620206,-43.82359378699357,0.028857539592960002,0.06081556566866331,1.0367324939194447,73.51778035129314,-0.15304471199231162
2012-09-30,3.60293922648668,28.4323642270737,-0.7388757861717654,4.1015649741370215,3.2401552413923835,51.2139449044811,66.53094653795394,51.51625762103823,-13.0,-3.3333333333333335,37.666666666666664,0.796052670410182,0.1631494274053106,50.10734946603373,-0.06213434387804343,5.12616062977834,-28.666666666666668,2.4133011659226287,-0.016090799999999978,0.011959936710070895,0.14133060178318502,0.24150000000001626,1.1719666666666768,51.07449843593138,51.14536724418938,-30.466337585733072,-0.030610120036956845,-0.3081174544553935,-13.256457455509917,-10.07765091969327,0.25404761116461394
2012-12-31,11.9477881062549,38.4161099049991,7.633469065518691,4.431645703298544,3.5139249606269765,49.8585773729279,65.05619219851097,50.29751104493537,-3.0,0.0,33.666666666666664,-0.017679035175930658,0.044105872289978976,49.54796975960209,0.20524278168919663,-6.2285016854869895,-27.0,2.6698505376908215,0.07438433333333333,0.07097497373255897,0.09306563097406147,-0.286366666666666,-0.1697333333333404,49.835789962668166,49.9205837493966,131.57532685810315,0.04309934032323004,0.23813269515999025,2.247120094638831,63.013257015063346,0.17369509113190548
2013-03-31,14.4670691020215,40.6772621862573,13.613437173990489,4.3632164687991,3.6318031894610243,51.6780390526547,68.31662684872201,52.67965291718708,-1.6666666666666667,15.666666666666666,39.666666666666664,2.072789455599183,-0.31471851528976175,50.86847980396161,0.08825521683631192,2.468272192926648,-26.0,2.776186095116118,0.33659773333333337,0.35503892943304177,0.5113238526803084,0.38769999999999527,0.14756666666666263,51.26899043791267,52.15057286598155,-78.51894812715341,-0.017548595159349922,0.012804826917303558,2.385584180635874,46.41459741170024,0.21489841269151008
2013-06-30,21.2980734883318,47.0200471205768,17.450906875323987,4.452289249982908,3.61929723778065,54.66432229658827,69.36371734938366,56.23849517372963,1.6666666666666667,16.666666666666668,44.333333333333336,0.09196411533164998,0.5751090645542652,51.750195506370424,0.2731376232140814,14.773551740849001,-23.333333333333332,2.6797656090513655,0.2772948,0.6304767257296673,0.29343678429866554,1.2083999999999975,0.42763333333333264,54.24180524397416,55.67928555491965,-163.18185226174978,-0.06452103303512668,-0.3049246001960668,0.4762075911352639,115.46055347683318,0.1353894218387067
2013-09-30,33.0177207939383,59.9259529439433,28.35086074643693,3.9758959410136443,3.212294183671104,60.50337947181123,72.17938749074399,60.66855584876893,17.0,24.333333333333332,55.333333333333336,1.2706568069328827,0.2421776668503369,52.50143297018378,0.2970649205139231,11.227274011422338,-13.0,2.7090031386650595,0.980677,0.7671520365247023,0.5545117247735135,0.8433666666666682,0.44650000000001455,60.29506035904658,60.417471183116135,-170.71425392845026,0.01620610315158655,-0.14638711105693325,9.071318135116812,65.38920787464326,0.22669851051717493
2013-12-31,37.1009993403161,61.7464333157463,32.16286358395536,4.356558124415267,3.628521906010427,60.301737536470135,72.59677477293013,62.54572443486012,25.333333333333332,25.0,57.333333333333336,0.8881597650242097,-0.11638126768246382,54.83779316258292,-0.009041519635229664,4.438943003054675,-12.0,2.102915643549711,1.0522705666666667,0.7600040785059085,0.872128952606673,0.21349999999999625,0.5862000000000052,60.40175608951187,62.45048605065299,-14.227643891786556,0.0624623350153537,0.056144306750793405,-2.1062065627107103,77.7331473650836,0.015245107896025067
2014-03-31,35.7731170049314,61.7464333157463,34.74400927609025,3.5486894708912553,2.8312601633054233,57.894374899626904,75.03633098955143,58.86719191366632,27.0,35.0,58.333333333333336,0.8879912476465832,0.7965591420845112,54.817931536515935,0.14688859833742463,-0.18698635261836216,-6.333333333333333,1.7396379571232856,0.7218049666666667,0.8530049763444255,0.8924828822984917,0.34926666666666506,0.7027999999999821,58.39498833663955,59.10736824374354,-55.9563841321301,0.04539803647472973,0.0701098776046365,-2.4311305552207045,85.47519764451977,0.6461614510661189
2014-06-30,35.1917808991525,57.6648006626851,31.64498229186355,2.904274550258629,2.5594493534756015,58.766844347767034,74.3292148468073,59.05001907533162,29.666666666666668,37.666666666666664,53.0,2.194816476727742,0.23501762632197978,56.69511535656083,-0.11538735820860364,-8.451220983393966,-0.6666666666666666,1.7207145181252474,1.0250250333333333,0.6656891894360029,1.0888501877728902,-0.1556666666666615,0.9905666666666662,58.988794717503886,59.20304674900876,50.778276970910156,0.02682956248209667,-0.2361808735426001,3.6374517773820685,56.79572762064686,0.1817289896934453
2014-09-30,30.7060478237627,57.0037927985022,26.252648410681637,3.4078153527255757,2.7735362264893983,58.584608214197,71.65153861533419,58.71637518060603,24.333333333333332,34.0,58.333333333333336,1.3435923653642687,-0.19484111016766503,54.93096900298176,0.13721937360299252,-1.7383715766983414,-0.6666666666666666,1.4564704378793758,0.24094843333333335,0.38548313329705614,0.22577420569296347,0.8645999999999958,0.7594000000000136,59.04932597529412,59.0120433333625,-11.51168404891655,0.01633731066054689,0.06922365542270681,-0.24129853241682042,88.05522985857306,0.30052664251698674
2014-12-31,35.4357857446285,60.6447535421083,32.391301447734165,2.8233508321356355,2.513049983646331,56.17781405946593,70.64350670131167,57.35326853908492,17.666666666666668,23.666666666666668,52.333333333333336,1.98276418179501,1.0080129304839147,54.82838548336897,0.27195721892826485,4.3637560745283395,-2.6666666666666665,0.9358296919213416,0.30797571333333335,0.45281478136978875,0.21917258263356074,1.0166333333333455,0.5068333333333186,56.48584536155491,57.27988837517467,-84.53915784383685,-0.08363659007762037,-0.11189975938603736,-16.810420025460616,31.11771357036332,0.22206519504871602
2015-03-31,31.1917984357786,51.101679773638,26.192010696764065,2.246076112381403,1.943914646718499,57.16065234723791,71.94948650493544,58.12893899927307,20.0,26.333333333333332,48.666666666666664,4.254656826088267,0.15181729432146204,56.352198969091795,0.08419915498227848,-4.67604141831967,2.0,0.10100357324270466,0.09249326333333334,0.38689407023880423,0.4060349988516343,1.555099999999996,-0.1668333333333294,57.33203756610308,58.017171126349844,14.588584615390118,-0.06858923330765632,-0.3235874422285159,-31.94787798780849,63.189340330833375,0.038520804898454684
2015-06-30,27.0614181636098,54.2206969974161,25.450535012447546,2.2190452714313884,2.1536203102100053,57.356702768572966,71.74658803818234,57.153184145821946,22.0,28.333333333333332,49.0,2.832355324005993,0.3033180430123424,55.4687064151341,0.1633431424365265,0.26967897785633,4.0,-0.016614532332448473,0.4585165666666667,0.7218160042299212,0.7489555538206664,1.8880333333333255,0.16483333333333405,57.23945405425298,56.96685612608425,-34.06397351021337,-0.02441767976898679,0.05970708702712635,1.5048015379947373,40.7187101215668,0.08330053291106243
2015-09-30,30.4196809075724,51.6247784080364,25.05614123861108,2.1243849938499384,2.0374125566798167,55.14881656002243,70.62405993196974,56.01177629239569,24.333333333333332,26.333333333333332,49.0,3.8972524126773234,0.41887715945607323,53.86013025046594,0.37220562092615445,-2.811900043284993,4.666666666666667,0.009845708492384198,0.39693443333333334,0.8438492126625915,0.5442869180909119,0.32319999999999993,0.4166000000000025,55.411621790373424,55.99177960987053,-49.39433173638349,0.0440280427223132,-0.28776965696918655,-2.7355005699147057,-17.834435718093573,0.21987234005561804
2015-12-31,25.5358572526306,44.2369513194907,18.845953312687325,1.9846942540092969,2.0243051002538035,55.31626979819043,68.79934490274987,55.61717460549293,15.666666666666666,18.666666666666668,51.666666666666664,3.0032584441519696,-0.10833150661682482,54.17254975376312,0.09992640554107313,-13.449375260515012,1.6666666666666667,0.0673396404403559,0.4857392333333333,0.5514346368385251,0.6434290355043615,-0.13356666666668104,0.5301333333333247,55.492966249982196,55.73625174438098,-19.980292514283292,-0.027900342222840102,-0.1989832314922002,-6.323300170623206,-61.153961771729655,0.23201855294398963
2016-03-31,21.1616913941745,43.8775510204082,18.909407408627313,1.9537099692057889,1.824155767655478,54.00225561180603,68.54992607244706,54.20072544543527,5.333333333333333,17.0,47.333333333333336,3.2688322875529834,0.45251144130715,53.00109145358251,0.06624348038119694,14.384645055898005,1.3333333333333333,0.3466485658170389,0.49903600000000004,0.7113546731611612,0.4653020413650418,-0.5297999999999803,0.780600000000021,54.04496846684983,54.182833079673934,0.43488693046015214,-0.07116208338469665,-0.2423845365522399,-11.652740601087395,-57.57855381659351,0.25479440166960265
2016-06-30,19.9377227011796,42.9962072014978,17.15663386324976,2.178333173631683,2.0332652127187365,52.648554489443704,68.92214185371273,52.5495333001571,11.0,14.666666666666666,36.666666666666664,2.250543353183757,0.23161513609512388,51.25953155201012,0.12519275296157076,5.0,-1.6666666666666667,0.35135169508136627,0.3012144933333334,0.38506833243495314,0.1169894057129417,1.0575333333333248,0.6502666666666528,52.38665994213679,52.11752470434488,126.00593961766322,-0.02281922568670325,0.11974799265629343,8.720925171851263,95.31461932307684,0.228747674047741
2016-09-30,10.1452773870557,29.3137080459841,7.875238956922096,1.8482173220840346,2.22031521795235,51.626141449818164,64.14689169477246,51.17929399177077,5.333333333333333,8.666666666666666,27.333333333333332,2.3936399470707634,0.7636433477769544,50.66040093646487,0.018934702722265644,3.0,-6.666666666666667,0.7262498387238395,0.4439803,0.1854814708088718,0.3661412444568783,-1.3582666666666512,0.8710000000000093,51.402688357740836,50.97935678260233,68.30053838108347,-0.08507738373526008,-0.02663812265468346,4.1898248730164696,82.41190397154014,0.2666498329827316
2016-12-31,14.4669099216993,36.4565651888413,11.53563033757389,2.3107352390134377,2.7832458980263235,55.478170815558734,68.09437960465476,56.24525844954002,11.333333333333334,13.0,45.333333333333336,2.023966153119955,0.07866768476486967,52.22077855299955,0.13962679759299915,8.666666666666657,-6.0,1.2110502072484615,0.213803208,0.5028555300672662,0.4406913747277012,-0.4847333333333381,0.9706999999999937,55.27389772828722,55.96426402257267,-42.285896795726785,-0.08537474858939653,0.09782923956842682,0.8418006442961357,18.47402598933968,0.165689298853888
2017-03-31,20.766751697669,39.8771899777196,17.64702946509673,2.6586347038507965,2.859374032821151,54.58311383560774,70.79111253469823,55.898161954672084,12.0,18.0,45.333333333333336,-1.1603017424526507,-0.2815172060704696,51.75379124731452,0.2895449730282588,6.333333333333343,-5.666666666666667,2.143048158654226,0.17500053000000002,0.13682416007816758,-0.04982330037422248,0.10349999999999682,0.6798000000000002,54.38576180362224,55.54094233677345,-81.9756486502265,-0.021293701091716688,0.3800825604320899,5.753035398274562,128.65265845073327,0.1958889412983917
2017-06-30,18.9536992151751,41.2955754137983,14.651398285288852,2.819490266783656,2.818791230027988,54.83446435368583,67.38207017885624,56.31247199129964,12.333333333333334,17.333333333333332,42.666666666666664,0.3073004247198962,0.4003169016766857,52.819679737407064,0.19384859270757207,3.0,-7.333333333333333,2.7430279128846844,0.21436246666666667,0.21235648337569746,0.12096450877420543,-0.14176666666666904,0.7120000000000033,54.8168213239746,56.07410775232156,54.55573055285004,0.019084603662390176,-0.0344060743984933,-2.9684974490981233,89.94064631414994,0.2018954904735095
2017-09-30,19.8251329551782,42.3752215919636,15.766513513109922,2.8450114193507363,2.7570656476027997,54.061202879660335,65.8821268185804,54.63552647958121,13.666666666666666,17.333333333333332,35.0,-0.8498958340674451,0.31861348896472147,53.90924367641269,-0.11235137128976873,-3.0,-10.333333333333334,2.816538952652866,0.15232988333333333,0.5863229850745943,0.1122252232778842,1.3142999999999887,0.44163333333334265,53.74193796581479,54.10115675208749,12.340062378683115,0.029391928686613333,0.17101206836435345,-3.1340308036034727,74.27783955557697,0.3120149251008681
2017-12-31,19.9814514673601,37.7274338850644,14.291469194717203,2.948999986819656,2.8666468766876463,55.17415043970063,66.51100074778124,54.627300660816765,12.0,7.333333333333333,43.666666666666664,-1.7498655743350167,0.24495269127235986,52.59590257288475,-0.16568926646611803,4.0,-11.666666666666666,3.021807920573375,0.2934233,0.0017647834306577792,0.1274614120470511,1.948733333333351,0.35566666666666436,54.90338451799233,54.41433156536436,31.35524799948348,0.031934816133230015,0.2947560437029697,6.068555869328598,99.71100737929964,0.0024029020703583335
2018-03-31,19.2550088636785,43.2955754137983,15.95369921517513,3.1172185338737464,2.9112887113315247,53.45626873612866,68.21342480412314,54.01785506918687,12.333333333333334,19.333333333333332,44.0,-0.9645830285639311,-0.697056428091584,52.88715320594536,0.2577449096373141,-8.666666666666657,-8.666666666666666,2.718634373406855,0.00884956666666667,0.277555966033934,0.34963507924398174,1.6523333333333312,-0.008900000000025443,53.11523964878421,53.514590472568216,17.474136519646663,0.04841805558011991,0.09552992765748014,8.551776293197364,171.95184813544392,0.21449843063591556
2018-06-30,22.1177345248279,41.5115046494314,16.22923917425928,3.1375289591868256,2.9212764921629875,54.276257090789265,67.45691998703003,53.861738157530205,6.333333333333333,15.666666666666666,43.333333333333336,-0.7758280676073929,1.0947364128555053,51.65283970421999,-0.01991929283730413,9.0,-8.333333333333334,2.4164354850087832,0.21494556666666667,0.2924777976330432,0.004133854828114458,-0.20523333333333937,0.3710666666666782,54.14016138424187,53.62503503899398,11.965418330613147,0.012207572614920004,-0.08063280958515984,5.0968638935583,-33.80231372888011,0.148074193405801
2018-09-30,21.4632213018408,39.2955754137983,16.918230165519326,2.941975991002159,2.9572902714469724,53.929179592444335,66.53637381478687,53.59563467791645,14.333333333333334,12.333333333333334,39.333333333333336,-0.17006471834302297,0.2759312797263602,51.90655935027934,0.07223666583039412,0.0,-8.666666666666666,2.5153713185973516,0.12216146666666666,0.12226802564646218,-0.09642215458884514,-0.25140000000000384,0.4573666666666725,53.903112484339694,53.647842925896406,-82.06644769447666,-0.07314044315667667,-0.20540821695875344,2.223218671694724,115.97467489426253,0.14203512816696434
2018-12-31,18.2282478928764,37.8637169425322,14.047787706899163,3.073670602737346,3.1846581609002413,51.44029258573833,62.554503330706666,51.376645765921246,5.0,4.333333333333333,38.333333333333336,-0.327078929375432,0.5455321882153289,51.43397365206761,0.1778667325110561,3.3333333333333144,-12.333333333333334,2.26852513050911,-0.17049928666666667,-0.015029036933570753,-0.043347941909566146,-1.83453333333334,0.54076666666667,51.58510247915468,51.443524304583356,-28.69562447520002,-0.012506560529443433,-0.13321149187703707,-2.7380278347181815,1.4600139849476363,0.08341368445550353
2019-03-31,10.0955754137983,26.0,5.2482833475905935,2.9499410121926624,3.21757951936038,50.6070490363115,61.86565075967403,49.23466025592477,-2.6666666666666665,1.3333333333333333,27.0,0.372218836712279,0.1682480360240842,49.2111091006791,-0.06986440280603394,-8.0,-13.333333333333334,1.8749445008200787,0.04919064333333334,0.5150158733561394,-0.11494352565224834,1.3664666666666676,0.5565666666666544,50.552415753395195,49.35292643889043,77.48123650136677,-0.013856269771923335,0.018808449675586925,-14.075841585067643,-160.21170886058053,0.20274512537944864
2019-06-30,14.4535219416043,35.6477877068992,8.233982127581507,3.094213474667521,3.129151032996386,50.511554861850605,65.33711813877304,49.672882874374885,-4.666666666666667,1.0,25.0,-0.24818003580187997,0.23815033835073995,51.41052357016515,0.20617756579713875,4.0,-12.0,2.0478975017078773,0.1748985643333333,-0.22555922626868638,0.25648651376097104,0.20050000000000523,0.36410000000000764,50.247617231492335,49.409641985223665,1.4434657357232936,0.01753904645225335,0.10118753207320985,9.198710241757368,210.97603122945384,0.08319305431414935
2019-09-30,11.0438225813677,28.9203538218347,4.965167684585305,3.0597583825154167,3.2865373432302847,50.06017301731513,61.70581516082974,50.220459907008575,-7.0,-6.666666666666667,19.666666666666668,-1.0352675238983653,0.03428259917552431,49.90190641425349,0.2157951584266645,-9.333333333333314,-12.333333333333334,1.8334394217885075,-0.002390790000000013,0.14542669275382872,-0.0516964380158802,1.9691333333333318,0.5764000000000067,49.59070280147489,49.503197986957694,136.1049235818732,-0.058890922985439964,-0.2084009144213268,-5.2691825255686595,73.74679423630596,0.21712689544433963
2019-12-31,8.92396440022442,30.9203538218347,3.837592705971197,2.8755857969113165,3.107801013473194,49.50780497190823,64.18473601562634,49.140700284181946,-14.666666666666666,-8.333333333333334,18.0,-1.1479738851549643,-0.3657711425035681,49.5692100015012,0.15936123235255803,2.3333333333333144,-13.0,1.4135543724357842,0.25247575666666666,0.8917333512904321,0.18652825473669163,2.952700000000007,-0.4719000000000051,49.091630385471575,48.73339309195541,65.24954015357002,0.01811292617008342,-0.02458260431591608,0.3152326709510689,93.66854318812693,-0.1194773828804178
2020-03-31,11.6875040691858,37.1362830574678,9.25663687930251,2.7980970542871777,3.0482006694898685,47.43396334642923,64.26485471252143,47.233776846795934,-9.0,8.0,23.333333333333332,-1.7270208590862826,-1.949807125686524,48.595543851510065,-0.1835671823841034,-18.0,-16.666666666666668,1.6673692808949407,0.5856872000000001,0.013775481761383693,0.7955784845365521,0.9802666666666511,-3.1679333333333375,47.3777452745565,47.32512690724122,55.21702347924361,0.043124445268963196,0.08003030216814011,-0.05573791182307275,222.51028570988638,-2.4609448575797344
2020-06-30,-61.7712564664321,-34.9203538218347,-62.70031836712055,2.3927021035503753,2.8962,30.498871754431235,60.23070039278989,31.065270352325253,-53.0,-63.666666666666664,-24.0,-6.843959635814226,2.871798066614772,32.696117174464824,-0.2617355830258054,-85.0,-32.0,0.6168117532144191,-0.8498617666666668,0.020426507057580423,-0.07548009303302017,-12.578599999999994,-20.16876666666667,30.5256211695221,30.85561131896902,123.97315574814661,-0.06841542707631332,-0.34772408305082037,-30.734478887400236,-466.09640360574986,-2.8877408813293637
2020-09-30,-23.8802829124064,2.29557541379833,-27.397521796542843,2.6357535076236247,2.842016974583301,57.5400972347106,68.5849924576295,55.781633223171525,-39.666666666666664,-13.666666666666666,-12.0,4.539494695398913,2.2847594251501033,40.43107377985404,-0.27624696572281504,84.33333333333334,-26.333333333333332,0.5972713656806997,1.6673423333333333,1.3468921620898004,0.7098947119454246,14.868400000000008,12.06313333333334,57.45147035181668,55.5036767883735,180.46025376532998,0.040383589272216636,0.4403244579509198,15.265212723978301,456.67090218944713,3.5792028562434997
2020-12-31,-20.5296986349295,0.238938534495815,-26.097840163663395,2.47698628716451,2.742632112787512,50.522312555804234,71.02237472598367,49.07965830785087,-22.0,-21.666666666666668,-9.0,2.8617856056275355,-0.6893017014474424,44.30159449308244,-0.3478048178304623,14.666666666666657,-30.0,0.5336606626004695,0.9893665666666668,0.326103407106626,0.7513281554371106,0.40073333333332073,1.4676666666666733,50.83457492151072,49.761463937235526,45.63330418970668,0.02817314255529002,0.30059470638396,-0.3136268742328667,209.73969966123332,0.16797806928730977
2021-03-31,-16.2911146475754,25.9433631206975,-19.239220721595164,2.5185108113707866,2.695527479763429,49.0842990077691,76.48589109317963,50.12254157409254,-19.666666666666668,-4.666666666666667,9.0,4.988341725310895,-0.9151186308890559,49.49138370845412,0.08148464780605158,3.333333333333343,-22.333333333333332,0.609707160889054,0.08441802333333333,0.4105577071106555,-0.47092642805136214,-5.292266666666649,-0.3752666666666755,49.606876323918776,50.57038714381664,-52.196797129300194,0.05931060402917687,0.5785995137766702,12.568193299936794,346.4271384248964,-0.016147936267845164
2021-06-30,18.323327665983314,49.64778770689916,15.864708223915079,2.476631407634706,2.3927997069074918,61.93115066067057,78.2814008365428,62.363617518469226,21.0,34.0,34.0,28.44256293030538,2.4415920696210125,56.98077230346046,0.40976158687578607,-0.6666666666666572,-11.0,2.0516844231144673,1.4682573666666665,0.825248077065636,0.9003934043027906,-2.653666666666666,8.349066666666673,62.12532646810479,62.61966557770041,-66.69723359221325,0.028184926431700008,0.6507713382273965,10.328953759263008,282.3478176132503,1.900412488832403
2021-09-30,20.19327448391205,51.99999999999999,23.022159111029573,2.948602917893349,2.69042215884948,56.33379469932237,75.53646703029386,55.74669845976765,31.333333333333332,29.333333333333332,43.333333333333336,1.1426415488970798,-0.6484079424988595,57.20834839691569,0.36518040637926186,-3.333333333333343,-9.333333333333334,2.7722255420786843,0.6501536,0.8161529794110001,0.6699708206230263,-2.3836000000000013,2.452699999999993,56.255229859941004,55.921709082416385,31.646586385926867,-0.004383652723596754,0.02464448258077656,7.425455858249862,278.8780865952199,0.44872567620923864
2021-12-31,22.12856625999697,46.07964617816527,15.933168119769523,3.72098434655444,3.1581527700468444,56.31629879553626,73.91435155937427,56.587409274292334,27.333333333333332,22.666666666666668,51.0,-1.248673043847438,-0.09441582133104347,56.936376003512,0.05946899788998872,-1.3333333333333428,-15.333333333333334,4.907385982014996,1.1251621,1.045904610898359,0.9618386301399218,-0.4383333333333326,1.655833333333348,56.17543607739852,56.36153975529712,-17.684856288186893,-0.02534067166316345,0.012279607172823503,6.642286774055975,172.4895896746466,0.2041867500306238
2022-03-31,19.125946962990138,46.863716942532214,17.522336384600454,4.977463787686848,4.312607847797759,58.32978005524677,74.95005118309317,58.57761767423445,14.333333333333334,20.333333333333332,49.666666666666664,0.8337927692738084,-0.9301259948512793,57.49593066154301,0.24028369438647465,17.666666666666686,-25.333333333333332,6.218415151808994,1.2722357666666666,0.8893738238849055,0.8169625966385485,-0.028366666666670426,0.7299999999999756,58.3157665757826,58.531158981295754,31.20759897059338,-0.016164060903016697,0.061330690986522995,4.958839581062861,36.97722531389354,0.36693443814068855
2022-06-30,21.013946672867334,37.21592923563305,16.269451177237308,6.127146045065721,4.564265599259609,55.0122552382066,66.73030940632663,53.09564148671018,15.666666666666666,6.666666666666667,48.0,-8.287007389545714,-0.623069810091211,56.35023000936636,-0.16722294527945122,-13.666666666666686,-39.666666666666664,9.168492164968,0.3208558,1.1861650485437563,0.6339141061042127,-0.6145666666666756,0.09090000000001908,55.077508108728836,53.28645571631531,88.37149170751331,-0.060526789054049956,0.10098767344710069,24.288082896253428,-287.21581907737436,-0.20315458073869733
2022-09-30,7.598513077925707,18.0,3.4930972103411717,7.610063586553147,4.876946635234229,50.271347836499366,63.198314859498105,49.94633269833559,-5.333333333333333,-14.0,35.333333333333336,-7.089192273870981,-0.8032342351533753,54.820062259715804,0.0005942937107761281,-0.3333333333333144,-44.666666666666664,10.022238934627,0.31598513,-0.14840896961653507,0.3639469501217407,-1.402300000000011,0.03156666666666297,50.25956833839851,50.08408660675885,-134.57204204003665,-0.07539839683313665,-0.8108961724428734,-4.65201327032328,-284.5606675468525,0.007800416484182171
2022-12-31,6.2436814878180416,18.295575413798325,-0.25812380137680346,9.212781301187105,4.780884861098624,48.468569001647836,60.174003156469496,47.10490741553235,-11.666666666666666,-20.333333333333332,29.0,-5.74354497142926,-0.06453086662908669,50.95729131337158,0.046737229210639754,-17.333333333333343,-44.333333333333336,10.750651147230988,-0.9332093333333332,-1.1398627910182757,0.012250926262972564,-0.015533333333308974,0.37846666666666806,48.681536638478,47.347795643219094,-85.44195609714347,-0.06534677612653672,-0.16853332462765014,-16.662528167419026,-158.39307112394317,0.17117840188877756
2023-03-31,8.20410621908112,33.647787706899166,4.047787706899163,9.185289554154842,3.9194300338018255,51.25780002445857,69.881727476645,52.19996459113085,-8.666666666666666,-3.6666666666666665,39.666666666666664,-4.605063808704403,-0.031959607514675525,50.439336240050785,0.16305642382689797,-23.33333333333333,-39.666666666666664,10.17493273623024,-0.7220463333333332,0.6331919409967653,0.008329775050319732,0.16969999999999175,0.2565999999999917,51.25368107875644,52.14574390863026,159.8953717454001,0.07093174543559333,0.46536980114484683,-7.891983573040363,152.88738689374668,0.08047997368867049
2023-06-30,8.795398140227448,34.07964617816527,4.00361057838969,9.615960924529867,3.4590819725242503,53.887196249403075,70.52612167978037,53.52267001926875,-5.666666666666667,6.333333333333333,48.666666666666664,-4.46070776555686,0.2420477324363716,52.307078087662724,-0.3881537601845804,-3.0,-27.0,8.429534054697337,0.1580598533333333,-0.45275688293957933,-0.0274405303935706,0.7684666666666686,-0.13923333333332266,53.6162533874836,53.4417106322112,119.08161147173996,0.018661255586760017,-0.07858878012764725,-2.3702270359817703,94.4924986343267,0.22447160373258426
2023-09-30,10.992919936770292,36.13628305746778,6.516247602753606,8.61486915242273,3.58010635460818,49.31581571717225,68.87829917309632,48.546143047403895,-6.666666666666667,-3.3333333333333335,50.333333333333336,-4.6338649348208,-0.6133921446907645,49.83913555853957,0.21614847987161032,-7.666666666666671,-25.333333333333332,6.712140493774214,-0.31487158466666665,-0.5653076251657119,-0.12155327453386248,0.02179999999998472,-0.20010000000000616,49.30403376429687,48.45066473069636,-32.485689252453085,0.03867498553489668,-0.13208910136364338,1.0659049390309292,358.2024322543957,-0.17194322927940855
2023-12-31,12.8134510321759,40.48849535056862,6.939397995166042,7.4628863811593185,3.266043520844866,50.49478705538726,68.28609810357769,49.841326686735925,-8.666666666666666,-3.0,53.0,-2.9618049135522035,-0.710254706156351,49.239725589121726,0.04494724239881102,-5.333333333333329,-25.333333333333332,4.178046062123153,0.31029402,0.9773683505660843,-0.23010415116650287,-1.036299999999983,-0.14619999999999322,50.10931839657936,49.49312165403527,1.218092326373153,-0.040768037148090075,-0.11710183943773611,8.199221293203323,-57.415915302030044,-0.10260956705445673
2024-03-31,12.727079337922678,41.13628305746778,8.967150247351029,6.078518140957322,3.033213766031606,52.902201056682806,73.12269175506636,52.151216731850866,-9.666666666666666,6.333333333333333,55.0,-1.717980071729012,1.207107667027696,50.43690498371921,-0.03759077494708644,9.0,-20.333333333333332,3.5402153604644346,0.3935667,0.18152513321094688,0.6396239180891975,0.5656333333333237,0.8725999999999914,52.60808029990227,52.03300965939288,90.43488677053665,0.03342375536022679,0.1388487997509129,-9.877622151890876,454.3150579455305,0.3270531008942161
