Date,GC=F,GBPUSD=X,HG=F,CL=F,^GSPC
1927-12-31,,,,,17.65999984741211
1928-01-31,,,,,17.519999821980793
1928-02-29,,,,,17.32421071905839
1928-03-31,,,,,18.233181780034844
1928-04-30,,,,,19.371000003814697
1928-05-31,,,,,20.004090916026723
1928-06-30,,,,,18.985238029843284
1928-07-31,,,,,19.155714307512557
1928-08-31,,,,,19.793478343797766
1928-09-30,,,,,21.173157742148952
1928-10-31,,,,,21.600454590537332
1928-11-30,,,,,23.09900007247925
1928-12-31,,,,,23.144500064849854
1929-01-31,,,,,24.865000117908824
1929-02-28,,,,,24.992777824401855
1929-03-31,,,,,25.40050001144409
1929-04-30,,,,,25.268636270002887
1929-05-31,,,,,25.609545621004973
1929-06-30,,,,,26.14650011062622
1929-07-31,,,,,28.460909149863504
1929-08-31,,,,,30.119090860540215
1929-09-30,,,,,31.304499912261964
1929-10-31,,,,,27.991304397583008
1929-11-30,,,,,20.581764894373276
1929-12-31,,,,,21.38857142130534
1930-01-31,,,,,21.716363646767356
1930-02-28,,,,,23.076315829628392
1930-03-31,,,,,23.90904780796596
1930-04-30,,,,,25.430952435448056
1930-05-31,,,,,23.954761868431454
1930-06-30,,,,,21.60047621954055
1930-07-31,,,,,21.018181627446953
1930-08-31,,,,,20.800476255871
1930-09-30,,,,,20.770000003633044
1930-10-31,,,,,17.92954548922452
1930-11-30,,,,,16.588333235846626
1930-12-31,,,,,15.545909057963978
1931-01-31,,,,,15.920952297392345
1931-02-28,,,,,17.163333257039387
1931-03-31,,,,,17.538181825117633
1931-04-30,,,,,15.83000001453218
1931-05-31,,,,,14.286666597638812
1931-06-30,,,,,13.836818174882369
1931-07-31,,,,,14.347391294396441
1931-08-31,,,,,13.886666752043224
1931-09-30,,,,,11.890000070844378
1931-10-31,,,,,10.219047546386719
1931-11-30,,,,,10.42473682604338
1931-12-31,,,,,8.4127273126082
1932-01-31,,,,,8.325499963760375
1932-02-29,,,,,8.202105321382222
1932-03-31,,,,,8.250454620881515
1932-04-30,,,,,6.269523847670782
1932-05-31,,,,,5.522380942390079
1932-06-30,,,,,4.74500001560558
1932-07-31,,,,,4.974499988555908
1932-08-31,,,,,7.5160869930101475
1932-09-30,,,,,8.22047624133882
1932-10-31,,,,,7.105500054359436
1932-11-30,,,,,7.019500017166138
1932-12-31,,,,,6.824285711560931
1933-01-31,,,,,7.0880952562604636
1933-02-28,,,,,6.250000052981907
1933-03-31,,,,,6.2012500166893005
1933-04-30,,,,,6.870526288685046
1933-05-31,,,,,8.869090860540217
1933-06-30,,,,,10.422727324745871
1933-07-31,,,,,11.238500022888184
1933-08-31,,,,,10.671304371045983
1933-09-30,,,,,10.59699993133545
1933-10-31,,,,,9.557142802647181
1933-11-30,,,,,9.76399998664856
1933-12-31,,,,,9.963999938964843
1934-01-31,,,,,10.559999986128373
1934-02-28,,,,,11.322777801089817
1934-03-31,,,,,10.72571427481515
1934-04-30,,,,,10.912857101077126
1934-05-31,,,,,9.815454569729892
1934-06-30,,,,,9.941428502400717
1934-07-31,,,,,9.459047589983259
1934-08-31,,,,,9.1026087221892
1934-09-30,,,,,8.863157975046258
1934-10-31,,,,,8.949545426802201
1934-11-30,,,,,9.192631721496582
1934-12-31,,,,,9.248499965667724
1935-01-31,,,,,9.248636332425205
1935-02-28,,,,,8.971666759914822
1935-03-31,,,,,8.39142858414423
1935-04-30,,,,,8.974761781238374
1935-05-31,,,,,9.707727258855646
1935-06-30,,,,,10.121999931335449
1935-07-31,,,,,10.653636412187057
1935-08-31,,,,,11.319545485756613
1935-09-30,,,,,11.605000019073486
1935-10-31,,,,,11.897391319274902
1935-11-30,,,,,13.046111106872559
1935-12-31,,,,,13.072380974179222
1936-01-31,,,,,13.769545511765914
1936-02-29,,,,,14.56789473483437
1936-03-31,,,,,14.859090978449041
1936-04-30,,,,,14.845714296613421
1936-05-31,,,,,14.088571366809663
1936-06-30,,,,,14.693636417388916
1936-07-31,,,,,15.533913156260615
1936-08-31,,,,,15.866666702997117
1936-09-30,,,,,16.01047620319185
1936-10-31,,,,,16.86809539794922
1936-11-30,,,,,17.352222124735516
1936-12-31,,,,,17.069090929898348
1937-01-31,,,,,17.578999996185303
1937-02-28,,,,,18.090555402967667
1937-03-31,,,,,18.09136356006969
1937-04-30,,,,,17.001818136735395
1937-05-31,,,,,16.23499999046326
1937-06-30,,,,,15.640454639088023
1937-07-31,,,,,16.542381014142716
1937-08-31,,,,,16.74000007455999
1937-09-30,,,,,14.37761892591204
1937-10-31,,,,,12.253500175476074
1937-11-30,,,,,11.185263181987562
1937-12-31,,,,,10.992173982703168
1938-01-31,,,,,11.313333284287225
1938-02-28,,,,,11.014736928437886
1938-03-31,,,,,10.307391332543414
1938-04-30,,,,,9.849999952316285
1938-05-31,,,,,9.969523929414295
1938-06-30,,,,,10.229090864008123
1938-07-31,,,,,12.234499979019166
1938-08-31,,,,,12.298695730126422
1938-09-30,,,,,11.763809567406064
1938-10-31,,,,,13.109499979019166
1938-11-30,,,,,13.054736890290913
1938-12-31,,,,,12.675714265732537
1939-01-31,,,,,12.509523755028134
1939-02-28,,,,,12.378888765970865
1939-03-31,,,,,12.366521710934846
1939-04-30,,,,,10.820526323820415
1939-05-31,,,,,11.222727212038906
1939-06-30,,,,,11.41500000520186
1939-07-31,,,,,11.731000089645386
1939-08-31,,,,,11.533043405284053
1939-09-30,,,,,12.807499933242799
1939-10-31,,,,,12.904285703386579
1939-11-30,,,,,12.656999969482422
1939-12-31,,,,,12.357499933242797
1940-01-31,,,,,12.307727250185879
1940-02-29,,,,,12.22105262154027
1940-03-31,,,,,12.149000072479248
1940-04-30,,,,,12.265909021550959
1940-05-31,,,,,10.552272709933193
1940-06-30,,,,,9.662999963760376
1940-07-31,,,,,9.995909083973277
1940-08-31,,,,,10.182272650978781
1940-09-30,,,,,10.632000064849853
1940-10-31,,,,,10.7243477779886
1940-11-30,,,,,10.980000019073486
1940-12-31,,,,,10.531428427923293
1941-01-31,,,,,10.538636380975897
1941-02-28,,,,,9.882105225010923
1941-03-31,,,,,9.955714362008232
1941-04-30,,,,,9.640952382768903
1941-05-31,,,,,9.429047675359817
1941-06-30,,,,,9.759523800441197
1941-07-31,,,,,10.271363605152477
1941-08-31,,,,,10.216190474373954
1941-09-30,,,,,10.244761830284482
1941-10-31,,,,,9.810454541986639
1941-11-30,,,,,9.367058866164264
1941-12-31,,,,,8.756818077780984
1942-01-31,,,,,8.935714449201312
1942-02-28,,,,,8.653888914320204
1942-03-31,,,,,8.189090945503928
1942-04-30,,,,,7.83523804800851
1942-05-31,,,,,7.929047629946754
1942-06-30,,,,,8.324999982660467
1942-07-31,,,,,8.63565212747325
1942-08-31,,,,,8.59047608148484
1942-09-30,,,,,8.682857195536295
1942-10-31,,,,,9.313809667314802
1942-11-30,,,,,9.457222090827095
1942-12-31,,,,,9.518181800842285
1943-01-31,,,,,10.08900008201599
1943-02-28,,,,,10.678333441416422
1943-03-31,,,,,11.065217391304348
1943-04-30,,,,,11.450952348254976
1943-05-31,,,,,11.894000053405762
1943-06-30,,,,,12.08499999479814
1943-07-31,,,,,12.3609524227324
1943-08-31,,,,,11.739091006192295
1943-09-30,,,,,11.986190478006998
1943-10-31,,,,,11.869000053405761
1943-11-30,,,,,11.332105285242983
1943-12-31,,,,,11.480434707973314
1944-01-31,,,,,11.848095303490048
1944-02-29,,,,,11.766499996185303
1944-03-31,,,,,12.096086958180303
1944-04-30,,,,,11.878420980353104
1944-05-31,,,,,12.100909146395596
1944-06-30,,,,,12.678181778300893
1944-07-31,,,,,13.008000040054322
1944-08-31,,,,,12.819999943608822
1944-09-30,,,,,12.596999883651733
1944-10-31,,,,,12.895238149733771
1944-11-30,,,,,12.821999979019164
1944-12-31,,,,,13.085000038146973
1945-01-31,,,,,13.485454559326172
1945-02-28,,,,,13.946111096276177
1945-03-31,,,,,13.937142780848912
1945-04-30,,,,,14.265714372907366
1945-05-31,,,,,14.813636389645664
1945-06-30,,,,,15.086666742960611
1945-07-31,,,,,14.781428564162482
1945-08-31,,,,,14.8257143838065
1945-09-30,,,,,15.835789379320646
1945-10-31,,,,,16.49363613128662
1945-11-30,,,,,17.040000313206722
1945-12-31,,,,,17.319473868922184
1946-01-31,,,,,18.041363629427824
1946-02-28,,,,,17.98444440629747
1946-03-31,,,,,17.52190489996047
1946-04-30,,,,,18.65142858596075
1946-05-31,,,,,18.7122728174383
1946-06-30,,,,,18.580499935150147
1946-07-31,,,,,18.05363637750799
1946-08-31,,,,,17.702727231112394
1946-09-30,,,,,15.06700005531311
1946-10-31,,,,,14.747391327567723
1946-11-30,,,,,14.667777803209093
1946-12-31,,,,,15.120952288309732
1947-01-31,,,,,15.215909047560258
1947-02-28,,,,,15.780526311774002
1947-03-31,,,,,15.156190418061756
1947-04-30,,,,,14.601904778253465
1947-05-31,,,,,14.322857130141486
1947-06-30,,,,,14.84285713377453
1947-07-31,,,,,15.767727375030518
1947-08-31,,,,,15.456666719345819
1947-09-30,,,,,15.063333329700288
1947-10-31,,,,,15.44954538345337
1947-11-30,,,,,15.270588201635023
1947-12-31,,,,,15.031818129799582
1948-01-31,,,,,14.83238088516962
1948-02-29,,,,,14.096666706932915
1948-03-31,,,,,14.284545334902676
1948-04-30,,,,,15.399090896953236
1948-05-31,,,,,16.171500158309936
1948-06-30,,,,,16.824545426802203
1948-07-31,,,,,16.421428680419922
1948-08-31,,,,,15.939545501362193
1948-09-30,,,,,15.757619040352958
1948-10-31,,,,,16.18700008392334
1948-11-30,,,,,15.306842201634458
1948-12-31,,,,,15.183478148087211
1949-01-31,,,,,15.324761890229725
1949-02-28,,,,,14.78157891725239
1949-03-31,,,,,14.910869598388672
1949-04-30,,,,,14.890000009536744
1949-05-31,,,,,14.766666730244955
1949-06-30,,,,,13.966818245974453
1949-07-31,,,,,14.76200008392334
1949-08-31,,,,,15.28782608198083
1949-09-30,,,,,15.486666543143135
1949-10-31,,,,,15.89500002861023
1949-11-30,,,,,16.098421046608372
1949-12-31,,,,,16.539523805890763
1950-01-31,,,,,16.875714347476052
1950-02-28,,,,,17.192777633666992
1950-03-31,,,,,17.346521875132684
1950-04-30,,,,,17.84526302939967
1950-05-31,,,,,18.434545690363105
1950-06-30,,,,,18.73681822690097
1950-07-31,,,,,17.38400011062622
1950-08-31,,,,,18.433043770168137
1950-09-30,,,,,19.084500217437743
1950-10-31,,,,,19.859523864019486
1950-11-30,,,,,19.798500061035156
1950-12-31,,,,,19.74549980163574
1951-01-31,,,,,21.204545627940785
1951-02-28,,,,,21.97888904147678
1951-03-31,,,,,21.617619287400018
1951-04-30,,,,,21.884761810302734
1951-05-31,,,,,21.93818187713623
1951-06-30,,,,,21.54619044349307
1951-07-31,,,,,21.931904474894207
1951-08-31,,,,,22.89217409880265
1951-09-30,,,,,23.484210566470498
1951-10-31,,,,,23.36772736636075
1951-11-30,,,,,22.71368418241802
1951-12-31,,,,,23.42150001525879
1952-01-31,,,,,24.181363452564586
1952-02-29,,,,,23.69894760533383
1952-03-31,,,,,23.810000192551385
1952-04-30,,,,,23.73190489269438
1952-05-31,,,,,23.73285720461891
1952-06-30,,,,,24.38095238095238
1952-07-31,,,,,25.079545454545453
1952-08-31,,,,,25.18238113040016
1952-09-30,,,,,24.781904856363933
1952-10-31,,,,,24.255908966064453
1952-11-30,,,,,25.02941187690286
1952-12-31,,,,,26.039545492692426
1953-01-31,,,,,26.180000032697404
1953-02-28,,,,,25.897777769300674
1953-03-31,,,,,25.992272897200152
1953-04-30,,,,,24.712380999610538
1953-05-31,,,,,24.83714285350981
1953-06-30,,,,,23.951818206093527
1953-07-31,,,,,24.2947825556216
1953-08-31,,,,,24.389523914882115
1953-09-30,,,,,23.269047510056268
1953-10-31,,,,,23.96666672116234
1953-11-30,,,,,24.500555674235027
1953-12-31,,,,,24.827272761951793
1954-01-31,,,,,25.46150016784668
1954-02-28,,,,,26.018421072708932
1954-03-31,,,,,26.571739196777344
1954-04-30,,,,,27.615238008045015
1954-05-31,,,,,28.73449993133545
1954-06-30,,,,,28.960909149863504
1954-07-31,,,,,30.1266667502267
1954-08-31,,,,,30.729545419866387
1954-09-30,,,,,31.454762050083705
1954-10-31,,,,,32.17666644141788
1954-11-30,,,,,33.44200038909912
1954-12-31,,,,,35.008182005448774
1955-01-31,,,,,35.596190679641
1955-02-28,,,,,36.79105236655787
1955-03-31,,,,,36.50086975097656
1955-04-30,,,,,37.75499992370605
1955-05-31,,,,,37.602856953938804
1955-06-30,,,,,39.87499930641868
1955-07-31,,,,,42.692000007629396
1955-08-31,,,,,42.430000139319375
1955-09-30,,,,,44.34142848423549
1955-10-31,,,,,42.123333703903924
1955-11-30,,,,,44.94700031280517
1955-12-31,,,,,45.39047622680664
1956-01-31,,,,,44.145238058907644
1956-02-29,,,,,44.430000114440915
1956-03-31,,,,,47.48714301699684
1956-04-30,,,,,48.0519049508231
1956-05-31,,,,,46.53727236661044
1956-06-30,,,,,46.26857158115932
1956-07-31,,,,,48.77809542701358
1956-08-31,,,,,48.46130420850671
1956-09-30,,,,,46.786842145417864
1956-10-31,,,,,46.24304365075153
1956-11-30,,,,,45.75850009918213
1956-12-31,,,,,46.443684226588196
1957-01-31,,,,,45.42499993064187
1957-02-28,,,,,43.46631562082391
1957-03-31,,,,,44.02619062151228
1957-04-30,,,,,45.0471431187221
1957-05-31,,,,,46.779545697298914
1957-06-30,,,,,47.598999977111816
1957-07-31,,,,,48.51681865345348
1957-08-31,,,,,45.834999951449305
1957-09-30,,,,,44.01049938201904
1957-10-31,,,,,41.235652260158375
1957-11-30,,,,,40.34736793919613
1957-12-31,,,,,40.325714111328125
1958-01-31,,,,,41.12272748080167
1958-02-28,,,,,41.26149997711182
1958-03-31,,,,,42.10857118879046
1958-04-30,,,,,42.33523813883463
1958-05-31,,,,,43.70761889503116
1958-06-30,,,,,44.73857153029669
1958-07-31,,,,,45.9750002080744
1958-08-31,,,,,47.701428731282554
1958-09-30,,,,,48.97428567068918
1958-10-31,,,,,50.95999991375467
1958-11-30,,,,,52.540555742051865
1958-12-31,,,,,53.48571377708798
1959-01-31,,,,,55.62047649565197
1959-02-28,,,,,54.78842102853876
1959-03-31,,,,,56.148094903855096
1959-04-30,,,,,57.09863558682528
1959-05-31,,,,,57.99238114129929
1959-06-30,,,,,57.460454594005235
1959-07-31,,,,,59.735908855091445
1959-08-31,,,,,59.4009522937593
1959-09-30,,,,,57.05952380952381
1959-10-31,,,,,57.0018178766424
1959-11-30,,,,,57.23315771002518
1959-12-31,,,,,59.05499995838512
1960-01-31,,,,,58.0290002822876
1960-02-29,,,,,55.77499980926514
1960-03-31,,,,,55.01521749081819
1960-04-30,,,,,55.69999980926514
1960-05-31,,,,,55.21523793538412
1960-06-30,,,,,57.26318168640137
1960-07-31,,,,,55.839999771118165
1960-08-31,,,,,56.50521717900815
1960-09-30,,,,,54.802857535226
1960-10-31,,,,,53.743333544049946
1960-11-30,,,,,55.48500022888184
1960-12-31,,,,,56.8000001453218
1961-01-31,,,,,59.72619065784273
1961-02-28,,,,,62.172631313926296
1961-03-31,,,,,64.08909034729004
1961-04-30,,,,,65.93400001525879
1961-05-31,,,,,66.4990477789016
1961-06-30,,,,,65.57500076293945
1961-07-31,,,,,65.43849983215333
1961-08-31,,,,,67.78956537661345
1961-09-30,,,,,67.22799987792969
1961-10-31,,,,,67.92909067327327
1961-11-30,,,,,71.07649993896484
1961-12-31,,,,,71.74100074768066
1962-01-31,,,,,69.06772717562589
1962-02-28,,,,,70.22157889918277
1962-03-31,,,,,70.29181879216975
1962-04-30,,,,,68.05749969482422
1962-05-31,,,,,62.994544982910156
1962-06-30,,,,,55.62857164655413
1962-07-31,,,,,56.96952402024042
1962-08-31,,,,,58.52739101907481
1962-09-30,,,,,57.997895090203535
1962-10-31,,,,,56.16826115483823
1962-11-30,,,,,60.04349975585937
1962-12-31,,,,,62.6144998550415
1963-01-31,,,,,65.06227198514071
1963-02-28,,,,,65.92263151469983
1963-03-31,,,,,65.67285737537202
1963-04-30,,,,,68.75904700869606
1963-05-31,,,,,70.13863650235263
1963-06-30,,,,,70.10900039672852
1963-07-31,,,,,69.0722725608132
1963-08-31,,,,,70.98045453158292
1963-09-30,,,,,72.84949989318848
1963-10-31,,,,,73.02043516739555
1963-11-30,,,,,72.62388865152995
1963-12-31,,,,,74.17380959647042
1964-01-31,,,,,76.45227258855647
1964-02-29,,,,,77.39000099583676
1964-03-31,,,,,78.79952385312035
1964-04-30,,,,,79.9368168223988
1964-05-31,,,,,80.7325008392334
1964-06-30,,,,,80.2427267594771
1964-07-31,,,,,83.22227235273881
1964-08-31,,,,,82.0
1964-09-30,,,,,83.4085715157645
1964-10-31,,,,,84.84863697398792
1964-11-30,,,,,85.43842195209704
1964-12-31,,,,,83.9600004716353
1965-01-31,,,,,86.116499710083
1965-02-28,,,,,86.74684143066406
1965-03-31,,,,,86.83391272503397
1965-04-30,,,,,87.96666681198846
1965-05-31,,,,,89.27949981689453
1965-06-30,,,,,85.08999980579723
1965-07-31,,,,,84.90523856026786
1965-08-31,,,,,86.4872720891779
1965-09-30,,,,,89.37904721214657
1965-10-31,,,,,91.39476194835845
1965-11-30,,,,,92.14600067138672
1965-12-31,,,,,91.73454492742366
1966-01-31,,,,,93.31619008382161
1966-02-28,,,,,92.68263244628906
1966-03-31,,,,,88.87782552967901
1966-04-30,,,,,91.59549980163574
1966-05-31,,,,,86.78190467471168
1966-06-30,,,,,86.06000033291903
1966-07-31,,,,,85.8384994506836
1966-08-31,,,,,80.65086928657864
1966-09-30,,,,,77.81476157052177
1966-10-31,,,,,77.12904793875558
1966-11-30,,,,,80.9944995880127
1966-12-31,,,,,81.32714298793248
1967-01-31,,,,,84.45047614687965
1967-02-28,,,,,87.3668417679636
1967-03-31,,,,,89.41772738370028
1967-04-30,,,,,90.95950012207031
1967-05-31,,,,,92.59045479514383
1967-06-30,,,,,91.43363709883256
1967-07-31,,,,,92.98900032043457
1967-08-31,,,,,94.49391273830248
1967-09-30,,,,,95.80899925231934
1967-10-31,,,,,95.63636363636364
1967-11-30,,,,,92.66099967956544
1967-12-31,,,,,95.30249977111816
1968-01-31,,,,,95.03772700916637
1968-02-29,,,,,90.77473650480572
1968-03-31,,,,,89.09285699753534
1968-04-30,,,,,95.69699974060059
1968-05-31,,,,,97.86545493386008
1968-06-30,,,,,100.58529438691981
1968-07-31,,,,,100.29529436896829
1968-08-31,,,,,98.11388863457574
1968-09-30,,,,,101.3399990306181
1968-10-31,,,,,103.75499979654948
1968-11-30,,,,,105.40058809168198
1968-12-31,,,,,106.47555584377713
1969-01-31,,,,,102.04318271983753
1969-02-28,,,,,101.4588885837131
1969-03-31,,,,,99.3044994354248
1969-04-30,,,,,101.26285661969867
1969-05-31,,,,,104.62190500895183
1969-06-30,,,,,99.11714281354632
1969-07-31,,,,,94.71190461658296
1969-08-31,,,,,94.18333289736793
1969-09-30,,,,,94.50619034540085
1969-10-31,,,,,95.5147824494735
1969-11-30,,,,,96.20526323820415
1969-12-31,,,,,91.11999997225675
1970-01-31,,,,,90.33285704113189
1970-02-28,,,,,87.16421107241982
1970-03-31,,,,,88.65238117036365
1970-04-30,,,,,85.95227154818448
1970-05-31,,,,,76.06142897832962
1970-06-30,,,,,75.58363619717684
1970-07-31,,,,,75.71863659945402
1970-08-31,,,,,77.92761848086403
1970-09-30,,,,,82.37381054106213
1970-10-31,,,,,84.36999997225675
1970-11-30,,,,,84.2909999847412
1970-12-31,,,,,90.05272813276811
1971-01-31,,,,,93.49150009155274
1971-02-28,,,,,97.11210511860095
1971-03-31,,,,,99.60130442743716
1971-04-30,,,,,103.04952348981585
1971-05-31,,,,,101.64250030517579
1971-06-30,,,,,99.66636310924183
1971-07-31,,,,,98.97571418398903
1971-08-31,,,,,97.24045493386008
1971-09-30,,,,,99.3961900983538
1971-10-31,,,,,97.29380907331195
1971-11-30,,,,,92.77952466692243
1971-12-31,,,,,99.16909061778675
1972-01-31,,,,,103.29857090541294
1972-02-29,,,,,105.24299964904785
1972-03-31,,,,,107.69045396284623
1972-04-30,,,,,108.81100044250488
1972-05-31,,,,,107.64545440673828
1972-06-30,,,,,108.0104550448331
1972-07-31,,,,,107.20699958801269
1972-08-31,,,,,111.00739188816236
1972-09-30,,,,,109.38950119018554
1972-10-31,,,,,109.56272714788264
1972-11-30,,,,,115.04699974060058
1972-12-31,,,,,117.49736866198089
1973-01-31,,,,,118.42190515427362
1973-02-28,,,,,114.1642114739669
1973-03-31,,,,,112.41545417092063
1973-04-30,,,,,110.27399978637695
1973-05-31,,,,,107.21954588456587
1973-06-30,,,,,104.75476183210101
1973-07-31,,,,,105.83428519112724
1973-08-31,,,,,103.79956519085428
1973-09-30,,,,,105.60526355944182
1973-10-31,,,,,109.8443484099015
1973-11-30,,,,,102.03285725911458
1973-12-31,,,,,94.78400001525878
1974-01-31,,,,,96.1100002635609
1974-02-28,,,,,93.45315872995477
1974-03-31,,,,,97.43904731387184
1974-04-30,,,,,92.45619092668805
1974-05-31,,,,,89.66727308793502
1974-06-30,,,,,89.78649940490723
1974-07-31,,,,,82.81909075650302
1974-08-31,,,,,76.02500048550692
1974-09-30,,,,,68.12299957275391
1974-10-31,,,,,69.43565169624661
1974-11-30,,,,,71.7370002746582
1974-12-31,,,,,67.07333337692987
1975-01-31,,,,,72.56409107555042
1975-02-28,,,,,80.09684191252056
1975-03-31,,,,,83.83199920654297
1975-04-30,,,,,84.72318198464133
1975-05-31,,,,,90.09619031633649
1975-06-30,,,,,92.3971434093657
1975-07-31,,,,,92.48727312954989
1975-08-31,,,,,85.71380942208427
1975-09-30,,,,,84.67238071986607
1975-10-31,,,,,88.57434778628142
1975-11-30,,,,,90.06526344700863
1975-12-31,,,,,88.70045471191406
1976-01-31,,,,,96.8595235915411
1976-02-29,,,,,100.63947416606702
1976-03-31,,,,,101.08434793223505
1976-04-30,,,,,101.92952364966983
1976-05-31,,,,,101.16199913024903
1976-06-30,,,,,101.76681795987216
1976-07-31,,,,,104.2009528023856
1976-08-31,,,,,103.29181844537908
1976-09-30,,,,,105.45333317347935
1976-10-31,,,,,101.88523755754743
1976-11-30,,,,,101.19349975585938
1976-12-31,,,,,104.66090843894266
1977-01-31,,,,,103.81333305722191
1977-02-28,,,,,100.95578926487973
1977-03-31,,,,,100.56956481933594
1977-04-30,,,,,99.05000076293945
1977-05-31,,,,,98.76047588530041
1977-06-30,,,,,99.28590947931463
1977-07-31,,,,,100.17842021741365
1977-08-31,,,,,97.75000033171281
1977-09-30,,,,,96.23238045828683
1977-10-31,,,,,93.73952302478608
1977-11-30,,,,,94.28333391462054
1977-12-31,,,,,93.82047671363468
1978-01-31,,,,,90.24952298118954
1978-02-28,,,,,88.97526349519428
1978-03-31,,,,,88.81954539905895
1978-04-30,,,,,92.7104995727539
1978-05-31,,,,,97.41227306019177
1978-06-30,,,,,97.66181807084517
1978-07-31,,,,,97.19249992370605
1978-08-31,,,,,103.92173999288808
1978-09-30,,,,,103.85699996948242
1978-10-31,,,,,100.58363515680486
1978-11-30,,,,,94.70952315557571
1978-12-31,,,,,96.10749969482421
1979-01-31,,,,,99.70500113747336
1979-02-28,,,,,98.2294737163343
1979-03-31,,,,,100.11227278275923
1979-04-30,,,,,102.06600036621094
1979-05-31,,,,,99.727727023038
1979-06-30,,,,,101.72761862618583
1979-07-31,,,,,102.71142832438152
1979-08-31,,,,,107.35608639924422
1979-09-30,,,,,108.59684231406764
1979-10-31,,,,,104.47304269541864
1979-11-30,,,,,103.66381000337147
1979-12-31,,,,,107.7759994506836
1980-01-31,,,,,110.86818140203303
1980-02-29,,,,,115.33900108337403
1980-03-31,,,,,104.68619065057663
1980-04-30,,,,,102.96666753859748
1980-05-31,,,,,107.69428543817429
1980-06-30,,,,,114.54666646321614
1980-07-31,,,,,119.83272760564631
1980-08-31,,,,,123.49666631789435
1980-09-30,,,,,126.51190294538226
1980-10-31,,,,,130.22173840066662
1980-11-30,,,,,135.6544426812066
1980-12-31,,,,,133.48318204012784
1981-01-31,,,,,132.96571277436755
1981-02-28,,,,,128.3952656796104
1981-03-31,,,,,133.18499963933772
1981-04-30,,,,,134.42761811755952
1981-05-31,,,,,131.72700042724608
1981-06-30,,,,,132.2777293812145
1981-07-31,,,,,129.1277268149636
1981-08-31,,,,,129.62952314104353
1981-09-30,,,,,118.26952398390998
1981-10-31,,,,,119.79772706465288
1981-11-30,,,,,122.9194995880127
1981-12-31,,,,,123.79409096457742
1982-01-31,,,,,117.27650032043456
1982-02-28,,,,,114.49526335063733
1982-03-31,,,,,110.84217370074728
1982-04-30,,,,,116.30714343843006
1982-05-31,,,,,116.35299949645996
1982-06-30,,,,,109.69772720336914
1982-07-31,,,,,109.37666684105282
1982-08-31,,,,,109.65136406638406
1982-09-30,,,,,122.43333289736793
1982-10-31,,,,,132.66047741117933
1982-11-30,,,,,138.10095287504652
1982-12-31,,,,,139.3659113103693
1983-01-31,,,,,144.26714215959822
1983-02-28,,,,,146.79684046695107
1983-03-31,,,,,151.87652123492697
1983-04-30,,,,,157.7120002746582
1983-05-31,,,,,164.0971432640439
1983-06-30,,,,,166.36909138072622
1983-07-31,,,,,166.95099868774415
1983-08-31,,,,,162.4178247866423
1983-09-30,,,,,167.1604766845703
1983-10-31,,,,,167.65428452264695
1983-11-30,,,,,165.23095194498697
1983-12-31,,,,,164.37142799014137
1984-01-31,,,,,166.39285641624815
1984-02-29,,,,,157.2505012512207
1984-03-31,,,,,157.4386381669478
1984-04-30,,,,,157.60149917602538
1984-05-31,,,,,156.55090886896306
1984-06-30,,,,,153.12476094563803
1984-07-31,,,,,151.07809593563988
1984-08-31,,,,,164.4208692467731
1984-09-30,,,,,166.1126299406353
1984-10-31,,,,,164.81869440493375
1984-11-30,,,,,166.27190508161272
1984-12-31,,,,,164.48000106811523
1985-01-31,,,,,171.6127270785245
1985-02-28,,,,,180.88473751670435
1985-03-31,,,,,179.4199981689453
1985-04-30,,,,,180.61857023693267
1985-05-31,,,,,184.89908946644175
1985-06-30,,,,,188.8859992980957
1985-07-31,,,,,192.54454456676137
1985-08-31,,,,,188.3063638860529
1985-09-30,,,,,184.20579046952096
1985-10-31,,,,,186.18043451723844
1985-11-30,,,,,197.44550018310548
1985-12-31,,,,,207.25761922200522
1986-01-31,,,,,208.19408971613103
1986-02-28,,,,,219.36526168020148
1986-03-31,,,,,232.3270004272461
1986-04-30,,,,,237.96772835471413
1986-05-31,,,,,238.45904758998327
1986-06-30,,,,,245.29571460542223
1986-07-31,,,,,240.17999891801313
1986-08-31,,,,,245.0009511311849
1986-09-30,,,,,238.269047328404
1986-10-31,,,,,237.35608706266984
1986-11-30,,,,,245.0926328960218
1986-12-31,,,,,248.60545418479225
1987-01-31,,,,,264.51095145089283
1987-02-28,,,,,280.9342153448808
1987-03-31,,,,,292.47136480158025
1987-04-30,,,,,289.3219052269345
1987-05-31,,,,,289.1154983520508
1987-06-30,,,,,301.3840900767933
1987-07-31,,,,,310.0872719504616
1987-08-31,,,,,329.35809326171875
1987-09-30,,,,,318.6609511602493
1987-10-31,,,,,280.1640916304155
1987-11-30,,,,,245.0085006713867
1987-12-31,,,,,240.9559097290039
1988-01-31,,,,,250.47650299072265
1988-02-29,,,,,258.12799911499025
1988-03-31,,,,,265.7373922596807
1988-04-30,,,,,262.6154983520508
1988-05-31,,,,,256.12381126767116
1988-06-30,,,,,270.6827281605114
1988-07-31,,,,,269.0494979858398
1988-08-31,,,,,263.7265187139096
1988-09-30,,,,,267.9700012207031
1988-10-31,,,,,277.39571562267486
1988-11-30,,,,,271.02428763253346
1988-12-31,,,,,276.51475888206846
1989-01-31,,,,,285.413812546503
1989-02-28,,,,,294.0110521818462
1989-03-31,,,,,292.7131819291548
1989-04-30,,,,,302.2509963989258
1989-05-31,,,,,313.92999961159444
1989-06-30,,,,,323.7277277166193
1989-07-31,,,,,331.92650146484374
1989-08-31,,,,,346.60782656462294
1989-09-30,,,,,347.3295013427734
1989-10-31,,,,,347.3972722833807
1989-11-30,,,,,340.2190450032552
1989-12-31,,,,,348.57200012207034
1990-01-31,,,,,339.9718184037642
1990-02-28,,,,,330.45263511256167
1990-03-31,,,,,338.46500049937856
1990-04-30,,,,,338.1779983520508
1990-05-31,,,,,350.2500013871626
1990-06-30,,,,,360.3866664341518
1990-07-31,,,,,360.0309520903088
1990-08-31,,,,,330.7465196692425
1990-09-30,,,,,315.40684268349094
1990-10-31,,,,,307.1247850501019
1990-11-30,,,,,315.2909531366257
1990-12-31,,,,,328.74950256347654
1991-01-31,,,,,325.4854555996981
1991-02-28,,,,,362.2631578947368
1991-03-31,,,,,372.2789993286133
1991-04-30,,,,,379.6786360307173
1991-05-31,,,,,377.9922721169212
1991-06-30,,,,,378.2929992675781
1991-07-31,,,,,380.2268177379261
1991-08-31,,,,,389.4031788219105
1991-09-30,,,,,387.19850006103513
1991-10-31,,,,,386.88347990616506
1991-11-30,,,,,385.919499206543
1991-12-31,,,,,388.5104762486049
1992-01-31,,,,,416.0749969482422
1992-02-29,,,,,412.55579095137745
1992-03-31,,,,,407.3645449551669
1992-04-30,,,,,407.40714372907365
1992-05-31,,,,,414.814501953125
1992-06-30,,,,,408.2745472301136
1992-07-31,,,,,415.0513638583097
1992-08-31,,,,,417.9271429152716
1992-09-30,,,,,418.4771423339844
1992-10-31,,,,,412.5027285489169
1992-11-30,,,,,422.8439971923828
1992-12-31,,,,,435.6395457874645
1993-01-31,,,,,435.22899932861327
1993-02-28,,,,,441.70368074115953
1993-03-31,,,,,450.15521638289744
1993-04-30,,,,,443.0776207333519
1993-05-31,,,,,445.24649810791016
1993-06-30,,,,,448.0595439564098
1993-07-31,,,,,447.28618803478423
1993-08-31,,,,,454.1277285489169
1993-09-30,,,,,459.23523385184154
1993-10-31,,,,,463.8999968029204
1993-11-30,,,,,462.8904753185454
1993-12-31,,,,,465.94545676491475
1994-01-31,,,,,472.9928574335007
1994-02-28,,,,,471.5799994217722
1994-03-31,,,,,463.8078268299932
1994-04-30,,,,,447.2321070620888
1994-05-31,,,,,450.89857264927457
1994-06-30,,,,,454.825908314098
1994-07-31,,,,,451.40099945068357
1994-08-31,,,,,464.2430459727412
1994-09-30,,,,,466.9580920991443
1994-10-31,,,,,463.81380934942337
1994-11-30,,,,,461.0152398972284
1994-12-31,,,,,455.1866643996466
1995-01-31,,,,,465.25
1995-02-28,,,,,481.92473722759047
1995-03-31,,,,,493.1530469811481
1995-04-30,,,,,507.9057906301398
1995-05-31,,,,,523.8136402476918
1995-06-30,,,,,539.3540843616832
1995-07-31,,,,,557.3664978027343
1995-08-31,,,,,559.1100012737771
1995-09-30,,,,,578.765493774414
1995-10-31,,,,,582.9181823730469
1995-11-30,,,,,595.5323806036087
1995-12-31,,,,,614.5709991455078
1996-01-31,,,,,614.4200051047585
1996-02-29,,,,,649.5420043945312
1996-03-31,,,,,647.0747593470982
1996-04-30,,,,,647.1728544689361
1996-05-31,,,,,661.2304548783736
1996-06-30,,,,,668.4989929199219
1996-07-31,,,,,644.0704539905895
1996-08-31,,,,,662.6822787198154
1996-09-30,,,,,674.885498046875
1996-10-31,,,,,701.4556539784307
1996-11-30,,,,,735.6690063476562
1996-12-31,,,,,743.249040876116
1997-01-31,,,,,766.216816295277
1997-02-28,,,,,798.3842163085938
1997-03-31,,,,,792.1555023193359
1997-04-30,,,,,763.9281865900213
1997-05-31,,,,,833.0914306640625
1997-06-30,,,,,876.2861909412202
1997-07-31,,,,,925.2945445667614
1997-08-31,,,,,927.7357119605655
1997-09-30,,,,,937.0242861793155
1997-10-31,,,,,951.1595618206521
1997-11-30,,,,,938.9236899928043
1997-12-31,,,,,962.3654563210227
1998-01-31,,,,,963.3590026855469
1998-02-28,,,,,1023.7421136153372
1998-03-31,,,,,1076.8277310458097
1998-04-30,,,,,1112.1961960565477
1998-05-31,,,,,1108.4169982910157
1998-06-30,,,,,1108.389531915838
1998-07-31,,,,,1156.5772705078125
1998-08-31,,,,,1074.6204717726935
1998-09-30,,,,,1020.6400001162574
1998-10-31,,,,,1032.470009543679
1998-11-30,,,,,1144.4334838867187
1998-12-31,,,,,1190.0509033203125
1999-01-31,,,,,1248.7747353001644
1999-02-28,,,,,1246.5821147717927
1999-03-31,,,,,1281.663913892663
1999-04-30,,,,,1334.7566615513392
1999-05-31,,,,,1332.0740112304688
1999-06-30,,,,,1322.552734375
1999-07-31,,,,,1380.990001860119
1999-08-31,,,,,1327.488653009588
1999-09-30,,,,,1318.1719040643602
1999-10-31,,,,,1300.010009765625
1999-11-30,,,,,1391.0028483072917
1999-12-31,,,,,1428.6840931285512
2000-01-31,,,,,1425.5855041503905
2000-02-29,,,,,1388.8744995117188
2000-03-31,,,,,1442.212598717731
2000-04-30,,,,,1461.3552567331415
2000-05-31,,,,,1418.4795476740057
2000-06-30,,,,,1461.9590897993608
2000-07-31,,,,,1473.0024963378905
2000-08-31,276.09999084472656,,0.8849999904632568,32.54571396963937,1485.45825726053
2000-09-30,273.38999633789064,,0.9148999989032746,33.871000099182126,1468.05400390625
2000-10-31,269.8090903542259,,0.8762499960986051,32.97318172454834,1390.144092906605
2000-11-30,265.8749969482422,,0.8325000017881393,34.26450023651123,1375.0376034691221
2000-12-31,271.51500549316404,,0.8692249983549118,28.354999923706053,1330.9294982910155
2001-01-31,265.37142653692337,,0.8369999953678676,29.266666684831893,1335.6390555245537
2001-02-28,261.80526251541943,,0.8200263192779139,29.644210413882607,1305.7515804893092
2001-03-31,262.29090742631394,,0.8006590929898348,27.26318177309903,1185.850008877841
2001-04-30,261.07999725341796,,0.7626000016927719,27.624500274658203,1189.8369995117187
2001-05-31,272.0772718949751,,0.7684772691943429,28.68409078771418,1270.3686356977983
2001-06-30,270.7142857142857,,0.7258333308356149,27.58809516543434,1238.7104666573662
2001-07-31,267.52381097702755,,0.6943809503600711,26.46714283171154,1204.4495210193452
2001-08-31,272.89565111243206,,0.6734130460283031,27.306521705959153,1178.5039274796195
2001-09-30,284.9625015258789,,0.6543235287946814,25.9256249666214,1044.643994140625
2001-10-31,283.3782600734545,,0.6320434834646143,22.21347833716351,1076.5904381793478
2001-11-30,276.10999908447263,,0.6609250009059906,19.669499969482423,1129.6833321707588
2001-12-31,276.00526508532073,,0.6783157932130914,19.406842382330645,1144.9300109863282
2002-01-31,281.74761672247024,,0.6978571443330674,19.7480951944987,1140.2076241629463
2002-02-28,296.21579300729854,,0.7222631542306197,20.75157888312089,1100.6689388877467
2002-03-31,294.37500152587893,,0.7452499955892563,24.435999965667726,1153.7910034179688
2002-04-30,303.5000013871626,,0.731068183075298,26.260000055486504,1112.034540349787
2002-05-31,314.6272735595703,,0.7322045429186388,26.93500007282604,1079.2672784978693
2002-06-30,321.13000335693357,,0.7622749954462051,25.550500011444093,1014.0480072021485
2002-07-31,313.2809549967448,,0.7232857119469416,26.93952378772554,903.5854575417259
2002-08-31,310.14999944513494,,0.6782272756099701,28.204545454545453,912.5522738370029
2002-09-30,319.5949996948242,,0.6770499974489212,29.682499980926515,867.8120056152344
2002-10-31,316.269567074983,,0.6816086976424508,28.86347828740659,854.6313078507134
2002-11-30,319.11579011615953,,0.7257105237559268,26.18947370428788,909.9270050048829
2002-12-31,334.9380943661644,,0.7238333367166065,29.39333352588472,899.1785743350074
2003-01-31,358.1904776436942,,0.753714280469077,32.6990472702753,895.8361903599331
2003-02-28,358.53684114155016,,0.7696315740284166,35.733157910798724,837.6189510947779
2003-03-31,339.92381068638394,,0.7571666694822765,33.15619050888788,846.6214250837054
2003-04-30,329.2857142857143,,0.7217619106883094,28.13571412222726,890.0257132393973
2003-05-31,355.92857142857144,,0.7504523793856303,28.07047616867792,935.9628528413318
2003-06-30,356.4857148670015,,0.7692619051252093,30.519523893083846,987.9952392578125
2003-07-31,351.1181848699396,,0.7805454541336406,30.70227267525413,992.5409102006392
2003-08-31,360.57619222005206,,0.799952384971437,31.597142900739396,989.5319097609747
2003-09-30,379.36666724795384,,0.8184047625178382,28.311428524198988,1019.441900344122
2003-10-31,378.9304371709409,,0.8810434756071671,30.345217331596043,1038.7343431555707
2003-11-30,389.8888888888889,,0.9268055558204651,31.05611080593533,1049.8989450555098
2003-12-31,408.8000023251488,1.7539034667222395,0.9973095229693821,32.142381123134065,1080.6359197443182
2004-01-31,414.72631675318667,1.821047143502669,1.1014999966872365,34.224736866198086,1132.5174987792968
2004-02-29,403.9526302939967,1.8692466735839843,1.25115788610358,34.49842091610557,1143.3563232421875
2004-03-31,407.4695646866508,1.8280072730520498,1.3413695718931116,36.718260391898774,1123.9782449473505
2004-04-30,403.95714169456846,1.8046255707740784,1.284809532619658,36.616666702997115,1133.0785725911458
2004-05-31,383.7699951171875,1.789378671419053,1.2096750080585479,40.28000011444092,1102.7815002441407
2004-06-30,392.1857154482887,1.8295299031517722,1.208738088607788,38.04952385312035,1132.7571556454614
2004-07-31,398.35238066173736,1.8434413346377285,1.2681190570195515,40.80761936732701,1105.846656436012
2004-08-31,401.8909065940163,1.8195523565465754,1.2775227264924482,44.883636474609375,1088.9349920099432
2004-09-30,406.2333330426897,1.7940698970447888,1.3141428572790963,45.93761916387649,1117.6562034970239
2004-10-31,421.02381097702755,1.8063485205173493,1.3500714245296659,53.09380885532924,1118.0680977957588
2004-11-30,438.6549987792969,1.8610713373530994,1.4133249938488006,48.4754997253418,1168.9376220703125
2004-12-31,442.7142828078497,1.9297491985818613,1.456309511547997,43.256190163748606,1199.2095447887075
2005-01-31,424.15,1.878472401982262,1.449949997663498,46.85150012969971,1181.4079956054688
2005-02-28,424.01052535207646,1.8874860167503358,1.4663947318729602,48.05315760562294,1199.6268439041942
2005-03-31,434.8952389671689,1.903558373451233,1.4861190432593936,54.629545558582656,1194.8977272727273
2005-04-30,429.63499755859374,1.89649460429237,1.4956000089645385,53.217619214739116,1164.4276123046875
2005-05-31,422.2952386765253,1.8542436198754744,1.4805952367328463,49.87095206124442,1178.2757161458333
2005-06-30,431.4238092331659,1.818259434266524,1.6218636361035434,56.419545433738016,1202.2531682794745
2005-07-31,423.9699996948242,1.7516651721227736,1.6328500092029572,59.02599983215332,1222.2369995117188
2005-08-31,437.83043504797894,1.7947914082071055,1.717869572017504,64.9934778628142,1224.2699983016305
2005-09-30,457.30476452055433,1.8076508896691459,1.7563095149539767,65.55238124302456,1225.914771670387
2005-10-31,469.99524071103053,1.7645917960575648,1.9030238162903559,62.26857176281157,1191.9642857142858
2005-11-30,475.5599990844727,1.7352835969491438,2.0112999975681305,58.34249992370606,1237.3685651506696
2005-12-31,509.55238124302457,1.7458748492327603,2.172452370325724,59.4471428280785,1262.0719110398065
2006-01-31,550.9700012207031,1.766276023604653,2.182574987411499,65.53749942779541,1278.7224975585937
2006-02-28,555.2105327405428,1.7484305024147033,2.250789479205483,61.92842102050781,1276.6452765213817
2006-03-31,558.100002122962,1.7446275172026262,2.3240869459898574,62.96608700959579,1293.7347783627717
2006-04-30,612.0631585372122,1.7694238662719726,2.9685263131794177,70.16105250308388,1302.1652703536183
2006-05-31,673.6409135298295,1.8689270123191501,3.7586136189374058,70.96136370572177,1290.0136274857955
2006-06-30,595.5181801535866,1.8435812267390164,3.3964772657914595,70.97181805697355,1253.1681795987215
2006-07-31,634.394730417352,1.8451725982484364,3.6232105305320337,74.46315845690276,1260.2345031738282
2006-08-31,630.0652200450068,1.8931910162386687,3.5306086851202925,73.08347818125849,1287.1495679772418
2006-09-30,598.3666701543899,1.8859486125764393,3.4650952361878895,64.09142830258324,1317.7430114746094
2006-10-31,585.8136402476918,1.876501907001842,3.394000010056929,59.136818105524235,1363.3772638494318
2006-11-30,626.9600067138672,1.9129636125131086,3.165600025653839,59.403000068664554,1388.634753999256
2006-12-31,628.0449981689453,1.963468069121951,3.005357163293021,62.086499786376955,1416.4200073242187
2007-01-31,630.3904709588913,1.9591417623602825,2.595363638617776,54.67238108317057,1424.160986328125
2007-02-28,666.0789505807977,1.9604159414768219,2.5966052507099353,59.387894881399056,1444.7947484066613
2007-03-31,653.6409107555043,1.9477611509236423,2.922704566608776,60.740454413674094,1406.9518210671165
2007-04-30,679.9199981689453,1.9890185651325045,3.508399999141693,64.03599948883057,1463.6405029296875
2007-05-31,667.5863591974431,1.9828314573868462,3.4824772639708086,63.53090893138539,1511.1368130770597
2007-06-30,654.8047543480283,1.987194992247082,3.3876428717658635,67.52952394031342,1514.4895193917412
2007-07-31,665.7857171921503,2.0346663865176113,3.6159523895808627,74.15047527494885,1520.7047584170386
2007-08-31,665.05652120839,2.0108540213626362,3.3678260782490606,72.35869631559953,1454.6169592815897
2007-09-30,715.3684178402549,2.0189642843447233,3.4561578976480583,79.62631627133018,1497.1163265830592
2007-10-31,756.0304300059443,2.045108515283336,3.588869571685791,85.65826084302819,1539.65869140625
2007-11-30,805.5999988374256,2.0705665066128685,3.1292380832490467,94.63142830984933,1463.3852364676338
2007-12-31,807.9599975585937,2.015949945700796,3.0216999888420104,91.7424991607666,1479.2234985351563
2008-01-31,891.3571341378348,1.9722441136837006,3.20171426591419,92.92904735746838,1378.7638055710565
2008-02-29,925.1100006103516,1.9640985897609167,3.589549958705902,95.3489990234375,1354.872509765625
2008-03-31,962.9300018310547,2.0011218105043684,3.811074984073639,105.42000007629395,1316.9429931640625
2008-04-30,909.6636380282315,1.9816910482588268,3.939386335286227,112.46272798018022,1370.4690940163352
2008-05-31,888.2047613234747,1.9658805018379575,3.774214267730713,125.45857238769531,1403.2176164899554
2008-06-30,889.8952404203869,1.967066146078564,3.689738091968355,134.01571437290735,1341.250964936756
2008-07-31,939.9318209561435,1.9888310540806164,3.7593863877383145,133.48454492742366,1257.32636607777
2008-08-31,835.8333304268973,1.8862463917051042,3.4364047731672014,116.68809472946893,1281.4723656063989
2008-09-30,828.9619053431919,1.798580901189284,3.1429285889580134,103.76380993071056,1217.0228562127977
2008-10-31,801.9913011633831,1.6897170077199521,2.1856521627177363,76.723911948826,968.8008741295856
2008-11-30,754.8894813939145,1.528349220752716,1.6849736853649742,57.44105288856908,883.04052734375
2008-12-31,822.6681823730469,1.4870829582214355,1.3879772804000161,42.04227222095836,877.5618175159801
2009-01-31,861.5599945068359,1.4491484273563733,1.478475022315979,41.92350025177002,865.5755004882812
2009-02-28,942.2631546823602,1.4410798609256745,1.5063947439193726,39.25842044228002,805.2273688065378
2009-03-31,925.2954517711293,1.4197732968763872,1.7169772765853188,48.061818382956766,757.1268144087358
2009-04-30,892.6666666666666,1.4724641550670972,2.0461428676332747,49.94952356247675,848.1518990652902
2009-05-31,929.7099975585937,1.5460810036886306,2.106124985218048,59.2125,902.4085021972656
2009-06-30,946.3499977805398,1.6376476775516162,2.2833863605152476,69.69545537775213,926.1150013316761
2009-07-31,935.509091463956,1.6378175797669783,2.3855454488234087,64.29318237304688,935.8213639692826
2009-08-31,949.6952369326636,1.6537653151012601,2.8105952399117604,71.13857160295758,1009.7247576032366
2009-09-30,998.7142915271577,1.6312755400484258,2.8147856962113154,69.46809532528832,1044.5523826962426
2009-10-31,1044.3090931285512,1.619959462772716,2.878568183292042,75.823636488481,1067.6636297052557
2009-11-30,1126.2450012207032,1.6609925883156913,3.0352999925613404,78.14500007629394,1088.0690063476563
2009-12-31,1128.9772838245738,1.622732955476512,3.187727277929133,74.6031827059659,1110.377724387429
2010-01-31,1116.8263003700658,1.616191029548645,3.3376578908217582,78.40263165925678,1123.5815815172698
2010-02-28,1098.1894788240131,1.562168264389038,3.119184230503283,76.45263190018504,1089.1599892064144
2010-03-31,1114.3565249235733,1.506465688995693,3.3954130359317944,81.28999992038892,1152.0486901324728
2010-04-30,1151.4523751395088,1.533926253969019,3.5191904590243386,84.57523745582218,1197.316185360863
2010-05-31,1203.9550048828125,1.4650496585028512,3.105774998664856,74.11750144958496,1125.0620056152343
2010-06-30,1234.6636408025568,1.4759237170219421,2.9370681697672065,75.40454587069425,1083.3608953302557
2010-07-31,1191.7476225353423,1.5302517847581343,3.0642619019462947,76.38285754975819,1079.8033360072545
2010-08-31,1217.4454512162642,1.5680688186125322,3.31981821493669,76.66681705821644,1087.2822709517045
2010-09-30,1273.0380917503721,1.5557212016799233,3.5179761932009743,75.54857090541294,1122.0819033668154
2010-10-31,1343.2190406436011,1.5832452036085582,3.773119086310977,81.97476232619513,1171.5838099888392
2010-11-30,1370.1857212611608,1.5980062105438926,3.8420714423769997,84.31476157052177,1198.8885614304315
2010-12-31,1393.954551003196,1.55946844038756,4.169727292927829,89.23318169333719,1241.5254516601562
2011-01-31,1361.679998779297,1.576513613973345,4.34427502155304,89.57850036621093,1282.6184997558594
2011-02-28,1373.805265727796,1.612784105539322,4.491657884497392,89.7431576377467,1321.1178877981085
2011-03-31,1422.6173891813858,1.6166489227958347,4.319543506788171,102.98130466627038,1304.4865138841712
2011-04-30,1481.8650024414062,1.6355177462100983,4.304374957084656,110.03850059509277,1331.5050109863282
2011-05-31,1511.0142880394346,1.6351185982877559,4.0555714312053865,101.3566665649414,1338.3104654947917
2011-06-30,1527.9954556551847,1.6238022229888223,4.109136321327903,96.28863664106889,1287.2886408025568
2011-07-31,1577.1250061035157,1.61403945514134,4.401250004768372,97.34049987792969,1325.184503173828
2011-08-31,1758.491306470788,1.6365415635316267,4.078565193259197,86.34086973770805,1185.3056534476902
2011-09-30,1762.1857154482886,1.579713913527402,3.7377619175683883,85.60999915713356,1173.8790573846727
2011-10-31,1669.9142775762648,1.5743505897976102,3.3435952436356318,86.42809513636998,1207.2161865234375
2011-11-30,1742.5904831659227,1.5814643177119168,3.4421904654729936,97.16285705566406,1226.414771670387
2011-12-31,1641.9666748046875,1.5595407648520037,3.4320714133126393,98.57571338471912,1243.3228469122023
2012-01-31,1660.195001220703,1.5510338869961826,3.668650007247925,100.31849899291993,1300.5780151367187
2012-02-29,1743.8350158691405,1.579920456522987,3.845824992656708,102.26249961853027,1352.4875
2012-03-31,1675.6590964577415,1.5827469988302751,3.8394772464578804,106.20499940352006,1389.2400013316762
2012-04-30,1650.5850036621093,1.6001338107245309,3.7191749811172485,103.34600028991699,1386.4289855957031
2012-05-31,1588.2818104137075,1.5941869175952414,3.570340882648121,94.7159097844904,1341.2727161754262
2012-06-30,1600.690464564732,1.5547448680514382,3.34759521484375,82.40523819696335,1323.4842936197917
2012-07-31,1592.51904296875,1.559666714885018,3.439023801258632,87.93142881847564,1359.7761986142114
2012-08-31,1629.9173902428668,1.5708257841027302,3.4180217307546865,94.16087009595788,1403.4482581097147
2012-09-30,1748.8052593030427,1.6101365387439728,3.7186578825900427,94.5584218878495,1443.4194721422698
2012-10-31,1747.7285737537202,1.6073064700416897,3.6967856997535344,89.9480954124814,1437.816662016369
2012-11-30,1721.3190452938989,1.5970923792232166,3.5035952499934604,86.73238009498233,1394.5123872302827
2012-12-31,1684.3800048828125,1.6134918417249406,3.6236250162124635,88.24550018310546,1422.2854919433594
2013-01-31,1670.4476260230654,1.5985815576885058,3.6673809460231235,94.82857077462333,1480.395240420387
2013-02-28,1627.4684030633223,1.5498162031173706,3.666447350853368,95.32157897949219,1512.3115812602796
2013-03-31,1591.5050048828125,1.5082065548215593,3.466474974155426,92.95699920654297,1550.8289855957032
2013-04-30,1484.6272804953835,1.5297422029755332,3.2771818095987495,92.06772752241655,1570.702264959162
2013-05-31,1416.6181918057528,1.530377745628357,3.2990227287465874,94.79954598166726,1639.842723499645
2013-06-30,1342.1350036621093,1.5487192392349243,3.179449999332428,95.80049934387208,1618.7725158691405
2013-07-31,1285.8045543323863,1.519158238949983,3.1422499960119072,104.698636488481,1668.6754427823153
2013-08-31,1352.6681574041193,1.549067334695296,3.2818181839856235,106.53909128362483,1670.0936390269887
2013-09-30,1345.985009765625,1.5847096159344627,3.2732749938964845,106.23549957275391,1687.1735046386718
2013-10-31,1316.8347751783288,1.6099065813151272,3.2823260867077373,100.55260799242103,1720.0265317170517
2013-11-30,1275.104998779297,1.6097156206766765,3.216350018978119,93.9314998626709,1783.5410034179688
2013-12-31,1225.0095156715029,1.6372712579640476,3.3416905062539235,97.89428601946149,1807.7752336774554
2014-01-31,1244.0619012741815,1.6477832431378572,3.3551428545088995,94.85666729155041,1822.3566603887648
2014-02-28,1300.9842143811677,1.6554714262485504,3.2854473716334294,100.67526245117188,1817.0347386410363
2014-03-31,1336.4285714285713,1.6621015128635226,3.0723809628259566,100.50904737200055,1863.5233386811756
2014-04-30,1298.423793247768,1.6739343729886142,3.0693333262488958,102.03476206461589,1864.2633347284227
2014-05-31,1287.538097563244,1.684978728944605,3.132023822693598,101.79476165771484,1889.7671421595983
2014-06-30,1282.161900111607,1.690145804768517,3.0978571346827914,105.14666748046875,1947.087611607143
2014-07-31,1310.6363636363637,1.708540185638096,3.22590912472118,102.3918176130815,1973.0999866832387
2014-08-31,1295.0571463448662,1.6713405563717796,3.15764281863258,96.07619040352958,1961.5319068545386
2014-09-30,1235.1285691034227,1.6318092021075161,3.091952392033168,93.03428540910993,1993.2261904761904
2014-10-31,1222.93042522928,1.6083790323008662,3.036152165869008,84.33912924061651,1937.2743503736413
2014-11-30,1176.1789422286183,1.578928542137146,3.017605241976286,75.81000077097039,2044.5721050061677
2014-12-31,1200.168174050071,1.5634557889855427,2.8980909152464434,59.28954488580877,2054.2663629705257
2015-01-31,1252.9249938964845,1.5182346918366172,2.653224992752075,47.325500106811525,2028.1785095214843
2015-02-28,1224.9105224609375,1.5316585958003999,2.623631565194381,50.72473646465101,2082.1957943564967
2015-03-31,1177.768182927912,1.499697284264998,2.7079318219965156,47.854090603915125,2079.9904396750712
2015-04-30,1199.828578404018,1.4937808080153032,2.7527619089399065,54.62809553600493,2094.862839471726
2015-05-31,1198.2150085449218,1.5466179450352986,2.89337500333786,59.37199993133545,2111.9435180664063
2015-06-30,1180.7818215110085,1.5563343438235195,2.675340912558816,59.82863651622426,2099.2836581143465
2015-07-31,1128.113641912287,1.5561760715816333,2.482204556465149,50.93000013178045,2094.1436268199573
2015-08-31,1118.7333112444196,1.559669750077384,2.333214294342768,42.88904771350679,2039.8662051246279
2015-09-30,1123.8238002232142,1.5346659909595142,2.370571431659517,45.46523829868862,1944.4023844401042
2015-10-31,1159.859092018821,1.5323976928537542,2.3678636334159155,46.289545405994765,2024.8127163973722
2015-11-30,1084.0050048828125,1.521415455000741,2.1553750038146973,42.92300014495849,2080.61650390625
2015-12-31,1069.9454567649148,1.4997215115505715,2.082159096544439,37.32727258855646,2054.0795621004972
2016-01-31,1097.6420962685033,1.4431085586547852,2.0094473424710726,31.7757894616378,1918.5978875411183
2016-02-29,1201.4050048828126,1.4321628184545607,2.0750500202178954,30.616499996185304,1904.4184936523438
2016-03-31,1244.8818192915483,1.423234074012093,2.2315908778797495,37.960909063165836,2021.9540904651988
2016-04-30,1242.5380801246279,1.4303031875973655,2.1828809806278775,41.12476185389927,2075.5352318173364
2016-05-31,1259.5904773530506,1.4529979499903591,2.1114285786946616,46.796666644868395,2065.5504789806546
2016-06-30,1276.7454612038352,1.424857502633875,2.097704540599476,48.85318166559393,2083.891368519176
2016-07-31,1337.2100036621093,1.315661907196045,2.207324981689453,44.799499702453616,2148.9019775390625
2016-08-31,1337.9565270465353,1.3107836505641108,2.1409565469493037,44.79913081293521,2177.482167119565
2016-09-30,1325.1142868768602,1.3160814426162026,2.137523810068766,45.225714365641274,2157.690964471726
2016-10-31,1263.9800109863281,1.236296778633481,2.1375749826431276,49.86949996948242,2143.0209379650296
2016-11-30,1235.9600036621093,1.2428005933761597,2.4643749952316285,45.881999778747556,2164.9856887090773
2016-12-31,1151.395252046131,1.2478396079756997,2.5668333030882335,52.16571499052502,2246.6290457589284
2017-01-31,1193.190008544922,1.2338265614076094,2.618625009059906,52.608499717712405,2275.1159790039064
2017-02-28,1234.5420949835527,1.249631541967392,2.6942631570916427,53.46210560045744,2329.9105417351975
2017-03-31,1230.378269361413,1.233989990275839,2.641217376874841,49.673913209334664,2366.822170091712
2017-04-30,1268.6526392886512,1.2624011039733887,2.5862631295856677,51.11736899928043,2359.309454666941
2017-05-31,1243.7636385830965,1.2921604280886443,2.549022739583796,48.53954575278542,2395.345880681818
2017-06-30,1260.0590931285512,1.2797139883041382,2.6019318212162363,45.19590950012207,2433.98545143821
2017-07-31,1235.9599975585938,1.2999903917312623,2.7288250088691712,46.67500038146973,2454.102502441406
2017-08-31,1283.7956436820652,1.2970229283623074,2.958782621051954,48.05782566899838,2456.2230702275815
2017-09-30,1313.9400024414062,1.3296525137765067,2.9840500235557554,49.876999855041504,2492.8410400390626
2017-10-31,1279.2500055486505,1.3208117268302224,3.095590916546908,51.594545884565875,2556.9972700639205
2017-11-30,1280.6904703776042,1.3220675161906652,3.094166642143613,56.662857418968564,2593.605736142113
2017-12-31,1265.5700073242188,1.3404418457122076,3.0982499957084655,57.94699993133545,2664.34052734375
2018-01-31,1330.675,1.3787891864776611,3.194699990749359,63.65904780796596,2789.8038155691966
2018-02-28,1330.0578806023848,1.3985548913478851,3.16744737876089,62.18368429886667,2705.1552477384867
2018-03-31,1324.2381068638392,1.3970082293857227,3.066833348501296,62.771904899960475,2702.7738211495534
2018-04-30,1335.3428664434523,1.4087117058890206,3.087642862683251,66.32523781912667,2653.6252092633927
2018-05-31,1302.6181696111505,1.3486887061077615,3.064022725278681,69.98318099975586,2701.4936190518465
2018-06-30,1280.0238037109375,1.329033408846174,3.117142847606114,67.32285672142392,2754.3528878348216
2018-07-31,1236.0238211495537,1.3174166029149836,2.7912618886856806,70.58190518333798,2793.643357049851
2018-08-31,1199.9521749745245,1.2885373001513274,2.6938695492951767,67.84521782916525,2857.8204292629075
2018-09-30,1196.705258018092,1.305245590209961,2.6923157666858875,70.0847372757761,2901.5005139802633
2018-10-31,1213.9695673403533,1.3021309427593066,2.7593478327212124,70.75782610022503,2785.4647800611415
2018-11-30,1219.2381010509673,1.290091097354889,2.7509762105487643,56.693332853771395,2723.231422061012
2018-12-31,1253.0473697060033,1.2664578755696614,2.721026295109799,48.777369248239616,2567.3073858963817
2019-01-31,1290.8618977864583,1.288675323776577,2.682380960101173,51.550476255871004,2607.3899972098216
2019-02-28,1318.4473684210527,1.30076562166214,2.8556579037716516,54.980525970458984,2754.8642064144738
2019-03-31,1298.5285935174852,1.3189308132444109,2.8997381301153276,58.16809517996652,2803.9837937127977
2019-04-30,1284.7857200985864,1.3028236031532288,2.9200714429219565,63.87095260620117,2903.799979073661
2019-05-31,1283.3727195046165,1.286761543967507,2.7428181821649726,60.865454413674094,2854.705910422585
2019-06-30,1359.669989013672,1.2676566243171692,2.6784250140190125,54.70650024414063,2890.165979003906
2019-07-31,1413.295448996804,1.2488516206326692,2.686568184332414,57.546363830566406,2996.1136363636365
2019-08-31,1502.0363658558238,1.21533494645899,2.572431813586842,54.844090548428625,2897.450450550426
2019-09-30,1507.4199951171875,1.2349418969381423,2.5974000215530397,56.967000007629395,2982.156005859375
2019-10-31,1493.330423106318,1.262517415958902,2.6116521669470747,54.00565255206564,2977.675197435462
2019-11-30,1470.0000061035157,1.288722657022022,2.6546250104904177,57.070000076293944,3104.9044921875
2019-12-31,1480.8523763020833,1.3096897276965054,2.7702857085636685,59.80476197742281,3176.74951171875
2020-01-31,1559.933337983631,1.3085398000219595,2.7496666340600875,57.52857190086728,3278.202857607887
2020-02-29,1595.6157804790296,1.2973257780075074,2.58381576287119,50.54210502222965,3277.3141832853617
2020-03-31,1594.6500077681108,1.2385845292698254,2.3671363483775747,30.445454597473145,2652.393632368608
2020-04-30,1694.9809395926338,1.2411572499708696,2.3063095183599565,16.699047678992862,2761.9752255394346
2020-05-31,1718.6900146484375,1.2305672452563332,2.38714998960495,28.527499961853028,2919.6084838867187
2020-06-30,1735.922735040838,1.2528984275731174,2.5980454574931753,38.313636086203836,3104.6609330610795
2020-07-31,1847.5409046519887,1.2655913622482964,2.8659999912435357,40.76590919494629,3207.6190962357955
2020-08-31,1966.2380836123511,1.3129700024922688,2.9175237814585366,42.38809512910389,3391.7100190662204
2020-09-30,1920.2761869884673,1.2978030876679854,3.0230238210587275,39.625714074997674,3365.516671316964
2020-10-31,1900.245450106534,1.297638627615842,3.0569545464082197,39.55454531582919,3418.6999955610795
2020-11-30,1866.0799987792968,1.3205375046957106,3.203374981880188,41.346500396728516,3548.99248046875
2020-12-31,1859.2954434481535,1.3436617384786191,3.5347045118158515,47.068181471391156,3695.3100142045455
2021-01-31,1865.1842169510692,1.3642809958685012,3.6231842041015625,52.102105592426504,3793.7484323601975
2021-02-28,1805.531584087171,1.3859682977199554,3.8612631747597144,59.06105262354801,3883.4321160567433
2021-03-31,1719.5173923658288,1.3868487244066985,4.088282574778018,62.357391357421875,3910.5082795516305
2021-04-30,1759.7571440197173,1.3843857049942017,4.247833365485782,61.70380982898531,4141.176199776785
2021-05-31,1850.6450073242188,1.4072313819612776,4.63534996509552,65.15699977874756,4167.849536132812
2021-06-30,1834.1227361505682,1.4039670879190618,4.398318182338368,71.3527287569913,4238.48954634233
2021-07-31,1805.5047607421875,1.3811360922726719,4.354785714830671,72.43047659737724,4363.712797619048
2021-08-31,1785.231805974787,1.380211672999642,4.292295455932617,67.71136318553577,4453.965931285511
2021-09-30,1775.8999953497023,1.374143746766177,4.265380950201125,71.54476202101935,4445.543317522322
2021-10-31,1776.404750279018,1.36830849306924,4.451119082314627,81.22285752069382,4460.707077752976
2021-11-30,1819.499988374256,1.3468405983664773,4.365738142104376,78.653809320359,4667.386648995535
2021-12-31,1791.0454434481535,1.3308301593946374,4.332999988035723,71.69000070745295,4674.772771661932
2022-01-31,1816.6399963378906,1.3561878601710002,4.431124973297119,82.97900009155273,4573.815454101563
2022-02-28,1857.7420911287006,1.3537826359272003,4.502105286246852,91.62894680625514,4435.980494449013
2022-03-31,1950.6739024286685,1.3179950247640195,4.682282613671345,108.26217385996942,4391.265264096467
2022-04-30,1933.9300048828125,1.2960481246312459,4.637624979019165,101.64049949645997,4391.29599609375
2022-05-31,1845.9380987258185,1.2451771389354358,4.24928567523048,109.259522937593,4040.3600027901784
2022-06-30,1834.547619047619,1.2336305217309431,4.125404732567923,114.33904811314174,3898.9466843377977
2022-07-31,1729.8,1.2000038226445515,3.3961000084877013,99.38449974060059,3911.7294921875
2022-08-31,1762.4782608695652,1.199390753455784,3.615000009536743,91.48260862930961,4158.563083814538
2022-09-30,1678.6142868768602,1.134704210541465,3.48021430060977,83.8019049508231,3850.5204961867557
2022-10-31,1665.8380940755208,1.1298078922998338,3.4738571303231374,87.03095245361328,3726.050955636161
2022-11-30,1726.047630673363,1.172472666610371,3.6768333457765126,84.38571457635788,3917.488595145089
2022-12-31,1797.1142868768602,1.2170887372710488,3.8164523669651578,76.51809510730561,3912.3809523809523
2023-01-31,1899.8349914550781,1.2232384844259783,4.122324979305267,78.16400032043457,3960.656530761719
2023-02-28,1853.2368485300165,1.209452784061432,4.088236833873548,76.86052583393298,4079.6847245065787
2023-03-31,1912.9608685037365,1.213383648706519,4.04915215658105,73.37260934580927,3968.5591457201085
2023-04-30,2001.04736328125,1.243938821554184,4.000368406898097,79.43842155054996,4121.467362253289
2023-05-31,1993.4227294921875,1.2484413022580354,3.741727276281877,71.62090925736861,4146.1731955788355
2023-06-30,1941.652378627232,1.2626509558070789,3.7959761960165843,70.27428545270648,4345.372837611607
2023-07-31,1950.7649963378906,1.2878976322355724,3.8357000231742857,76.03449974060058,4508.07548828125
2023-08-31,1917.5565185546875,1.2712401410807734,3.763304316479227,81.3208697775136,4457.358674422554
2023-09-30,1912.4099975585937,1.2407313244683402,3.7229250192642214,89.43050003051758,4409.094995117188
2023-10-31,1915.5681762695312,1.2175948890772732,3.599636359648271,85.46681837602095,4269.400945490057
2023-11-30,1985.6499966708097,1.2411584041335366,3.7211136384443804,77.33000044389205,4460.063313802083
2023-12-31,2031.6749938964845,1.265823591323126,3.8515249848365785,72.12350006103516,4685.051489257812
2024-01-31,2028.0428466796875,1.2706491532533064,3.8120714255741666,73.86095210484096,4804.491513206845
2024-02-29,2025.214990234375,1.2632831391834078,3.796625006198883,76.61000022888183,5011.96142578125
2024-03-31,2161.8699951171875,1.2714191504887171,3.976425015926361,80.40499992370606,5170.572485351562
2024-04-30,2332.590897993608,1.2525252808224072,4.3609090718356045,84.39409117265181,5112.492742365057
2024-05-31,2349.6318026455965,1.2628798484802246,4.775068218057806,78.6213642467152,5235.225497159091
2024-06-30,2326.0789345189146,1.2721280992031097,4.523131571317974,78.69842127749794,5415.140496504934
2024-07-31,2393.3363702947445,1.285380861033564,4.352477247064764,80.48136381669478,5538.004572088068
2024-08-31,2464.8999877929687,1.2922227382659912,4.090524983406067,75.49700012207032,5464.018041992187
